{"via Dante": [45.4655988, 9.185638], "Via Delle Palme , 4": [45.3823733, 9.1571039], "Via Esseneto, 10": [37.3077784, 13.5855337], "null": [44.933143, 7.540121], "Via Esseneto": [37.3077784, 13.5855337], "Via Rolando, 2": [45.7483462, 8.5301552], "Via Ipsas": [37.2614112, 13.5847679], "viale Vittoria": [36.9284779, 14.4637003], "Via Empedocle": [40.8543022, 14.1716502], "San Francesco d'Assisi": [40.74717845, 14.652334514139852], "Via Rolando": [45.5395514, 11.7900318], "via Artemide": [41.8768692, 12.617346], "Via Cicerone": [41.905824, 12.4694291], "Viale dei Giardini": [37.2611004, 13.5888981], "Via Matteo Cimarra": [37.321731, 13.5819667], "Via Alessandro Manzoni": [45.4707632, 9.1934827], "Via Attilio Vella": [37.3258998, 13.5902487], "Viale Viareggio": [44.0363973, 12.6154702], "Via Vittorio De Sica": [42.7374449, 11.1102382], "Via Regione Siciliana": [38.196746, 15.3422218], "Via Garibaldi": [41.7467101, 12.6483912], "Piazza Fratelli Rosselli": [42.76365165, 11.112288421709216], "via imera": [41.8773681, 12.5104272], "Via Federico II": [40.859381, 14.1699155], "Via Fra' Simone da Lentini": [37.3011111, 13.5560389], "Via Farag": [37.2359805, 13.6201978], "Via Cefalonia": [45.4312733, 8.62128], "Viale Emporium": [37.2752979, 13.5856537], "Via Bac Bac": [37.3110665, 13.5781015], "Via Dante Alighieri": [45.3460917, 10.3391889], "Via Raccomandata": [37.313238, 13.5761457], "Via Marechiaro": [40.7980064, 14.1904404], "Via Botteghelle": [38.17456, 15.2513958], "Via Alghe Rosse": [45.5036733, 12.6373946], "via unit\u00e0 d'italia": [45.462782, 8.6298495], "Via Recinto Oblati": [37.3130652, 13.5734072], "Via Ferdinando Magellano": [45.5964898, 10.4539092], "Via Giorgio Morandi": [40.4078686, 17.2867448], "Via Carlo Carr\u00e0": [40.8580079, 14.1677627], "Via San Vito , 87": [45.8135063, 13.4902309], "Via mazzini": [40.6361871, 17.9419646], "Via Giovanni XXIII": [40.6333056, 17.9440992], "Via Caterina Ricci Gramitto": [37.3349427, 13.5867572], "Via Dante Alighieri , 40/bis": [39.4887684, 16.384468], "Agrigento": [37.3122991, 13.57465]}