{"Cristo": [12.9297754, 123.6203513], "Pista": [42.9698621, -0.9172095], "Piazza della Libert\u00e0": [43.7839277, 11.261259089662339], "Piazza Genova": [40.3825358, 9.68903283350434], "Galimberti": [45.0336332, 7.6553203], "Spinetta Marengo": [44.8861753, 8.6829041], "Piazza Garibaldi": [40.8523322, 14.269714], "Europa": [51.0, 10.0], "Orti": [45.4553272, 9.200742], "Ospedale": [45.5552527, 10.2329689], "Castelceriolo": [44.9164186, 8.6906025], "Casalbagliano": [44.8955607, 8.5571875], "Litta Parodi": [44.8712315, 8.7071104], "Corso Acqui, 1": [44.9034536, 8.6037461], "Alessandria": [44.83495335, 8.745030418605868]}