{"Torrette": [43.607705, 13.4552434], "Adriatico": [43.6164274, 13.5244937], "Brecce Bianche": [43.5778513, 13.5163983], "Piano": [42.4471267, 9.4029414], "Borgo Rodi": [43.6134384, 13.5228887], "Palombare": [43.4407744, 13.0640019], "Le Grazie": [44.0012956, 10.8815679], "Posatora": [43.598771, 13.4896551], "Cavour": [44.7854988, 7.3738413], "Centro Storico": [44.6459321, 10.925613], "null": [44.933143, 7.540121], "Capodimonte": [42.546527, 11.904755], "Archi": [42.089937, 14.381217], "Cardeto": [38.084567, 15.766596], "Pietralacroce": [43.6022952, 13.5407072], "Palombina Nuova": [43.6179448, 13.425514], "Stazione": [43.5014117, 13.1494072], "Corsi": [49.2214561, -2.1358386], "Poggio - Massignano": [43.5507855, 13.5793693], "Valle Miano": [43.6062925, 13.5117418], "Barcaglione": [43.600703, 13.423608], "Q3": [-30.34130065, -54.315474801118924], "Tavernelle": [43.7324614, 12.8835858], "Paterno": [40.378311, 15.732769], "Passetto": [43.5297009, 13.0537768], "Collemarino": [43.6128977, 13.4288011], "Regione": [46.0545292, 13.2275967], "Baraccola - Aspio": [43.5427266, 13.514529], "Pinocchio": [43.5898881, 13.4930196], "Ancona": [43.480120400000004, 13.218790609151764]}