{"Via Bonifacio Festaz": [45.7356257, 7.3196083], "Viale dei Partigiani": [45.1502935, 10.7803897], "Via Croix de Ville": [45.7368411, 7.3168287], "Via Sant' Anselmo": [44.6710713, 11.0436331], "Via Cesare Battisti": [40.6369137, 17.9445651], "Via Malherbes": [45.7365217, 7.3157821], "St, Martin De Corleans": [45.73514755, 7.296714776723487], "Viale della Pace": [45.5454339, 11.5658795], "Via Monte Solarolo 26": [45.4057269, 11.8616129], "Via Bonaventure Philibert Bornyon": [45.746032, 7.3137658], "Via Croce di Citt\u00e0": [45.7362794, 7.3171071], "Via B. Festaz": [45.734858200000005, 7.314920899999998], "Via Porta Pretoria": [34.5541614, 38.2622808], "Via Lino Binel": [45.7323699, 7.310993], "Via Torre del Lebbroso": [45.7349042, 7.3155086], "Via Monte Pasubio": [44.5384498, 8.9100991], "Via Sant'Anselmo": [44.6710713, 11.0436331], "Aosta": [45.7370885, 7.3196649]}