{"Tregozzano": [43.5157147, 11.8886052], "Pescaiola": [43.4614625, 11.8636198], "Via Fiorentina": [43.8543301, 11.2963078], "Giotto": [19.3752543, -99.1916347], "Porta Crucifera": [43.463147649999996, 11.886811571385502], "Porta San Lorentino": [43.4685502, 11.8757191], "Via Romana": [43.7634363, 11.2448794], "Agazzi": [43.4473349, 11.8360002], "Santa Firmina": [43.4362873, 11.8769715], "Porta Trento e Trieste": [43.4617043, 11.8866681], "Quarata": [43.3719218, 12.1214028], "San Fabiano": [43.4730686, 11.9006455], "San Donato - Ospedale": [45.4127422, 9.2758973], "San Giuliano": [42.3148695, 9.4932028], "Stadio": [44.0647014, 10.0759295], "Arezzo": [43.51720195, 11.763879181253118]}