{"Corso Alessandria": [44.8949069, 8.8529219], "Corso Savona - Trincere": [44.880753, 8.2134707], "Stazione": [43.5014117, 13.1494072], "Corso Torino": [45.0840303, 7.4071683], "Centro Storico": [44.6459321, 10.925613], "Stadio": [44.0647014, 10.0759295], "Corso Dante": [45.0463252, 7.6787927], "Tribunale": [43.2953508, 13.4490208], "Ospedale": [45.5552527, 10.2329689], "Valmanera": [44.7753381, 7.9832037], "Castiglione": [42.4177283, 9.1281254], "Santa Caterina": [42.784498, 11.4843033], "Collina Volta": [45.8183107, 9.1196425], "San Fedele": [41.9626813, 8.6747521], "Corso Alba - Variglie": [44.8754608, 8.181482], "Asti": [44.826012649999996, 8.202686328987273]}