{"Corso vittorio emanuele": [40.8364314, 14.2209842], "Via Circumvallazione": [41.1122247, 14.1899255], "Via Generale Giacomo Rotondi": [40.9193302, 14.8073475], "baccanico": [40.9180123, 14.7830755], "Via iannaccone": [40.9333913, 14.2433511], "Via dei Due Principati": [40.7296852, 14.772879], "Via Enrico Capozzi": [40.9202327, 14.7895233], "Corso Vittorio Emanuele": [40.8364314, 14.2209842], "Via Amoretti": [45.8255042, 9.0489592], "Via Cristoforo Colombo": [41.8158779, 12.4615954], "Corso Europa": [44.3979746, 8.9936758], "Via Tagliamento": [40.6334447, 17.9318285], "Via Antonio Annarumma": [40.9280516, 14.7951878], "Corso Vittorio Emanuele II": [45.465306, 9.1950883], "Via Lorenzo Ferrante": [40.9187244, 14.7988965], "Via Zoccolari": [45.5752359, 11.2665406], "Viale Cassitto": [40.9123394, 14.7852089], "Via San Francesco Saverio": [43.7916655, 11.2325573], "Contrada Sant'Eustachio Pennini": [40.9275764, 14.7818405], "null": [44.933143, 7.540121], "Via Stanislao Esposito": [40.9154708, 14.7850163], "Via ciocca": [44.5473295, 7.4976582], "Via Pionati": [40.9169674, 14.7952551], "VIA PALAZZO": [44.5770872, 7.1978712], "Piazza Libert\u00e0, 0": [45.039028, 7.4171083], "Via Brigata Avellino": [40.9098924, 14.7712042], "Via Crescitelli": [41.7647349, 12.3592742], "arcella": [40.8997089, 14.8415691], "via carducci": [40.3489069, 14.9873839], "Via Tagliamento, 81": [45.6607496, 13.0591071], "Piazza Amendola": [40.632809050000006, 15.374467158309404], "Via Dante Alighieri": [45.3460917, 10.3391889], "via Francesco Scandone": [40.8154461, 14.1642619], "Via Ferdinando Iannaccone": [40.9124464, 14.7859432], "corso Vittorio Emanuele": [40.8364314, 14.2209842], "Via Giacomo Matteotti": [40.9129533, 14.790944084322028], "Via Antonio di Pietro": [40.924522, 14.7873088], "Via Tagliamento, 271": [45.4723631, 10.9731375], "C.so Umberto I, 0": [40.6345941, 17.9400337], "Via Padre Pio da Pietralcina": [37.668796, 12.786625], "Via Francesco Paolo Petronelli": [40.9212449, 14.7858649], "Via Duomo": [40.8487913, 14.2609807], "Via Generale Antonino Cascino": [40.913606, 14.7931711], "Piazza della Libert\u00e0": [43.7839277, 11.261259089662339], "Via San Pompilio Pirrotti": [40.9129938, 14.7950628], "Via Valle di Mecca": [40.913083, 14.7713193], "Via Serafino Soldi, 0": [40.9164468, 14.7929824], "Piazza libert\u00e0 , 0": [45.039028, 7.4171083], "Via Tuoro Cappuccini": [40.9197113, 14.7922292], "Via Padre Paolo Manna": [40.9184532, 14.7858522], "VIA VASTO": [40.465439, 18.1872462], "Contrada San Tommaso": [40.90692, 14.7987475], "Avellino": [40.9965446, 15.1405690365004]}