{"Murat": [46.4008462, 2.9084037], "Poggiofranco": [41.0900478, 16.8570681], "Carbonara di Bari": [41.0741927, 16.8706381], "Libert\u00e0": [41.1212352, 14.7726169], "Japigia": [41.1137621, 16.8969474], "Mungivacca": [41.089497, 16.9015002], "San Pasquale": [41.2749951, 14.1736333], "Palese": [45.9722559, 9.1615677], "Picone": [41.0702212, 16.860594], "Carrassi": [41.089559, 16.8700418], "Santo Spirito": [45.40021995, 12.334069308004041], "San Giorgio": [42.7495189, 13.0174067], "San Girolamo": [44.919753, 10.7291918], "Marconi - San Cataldo": [41.1391069, 16.8450504], "Torre a Mare": [41.087781, 17.0006678], "Santa Caterina": [42.784498, 11.4843033], "Via Giuseppe Davanzati Forges": [41.1207581, 16.8716354], "Via dei gerani": [40.4658322, 18.1966711], "Fesca": [41.1385997, 16.8120208], "Loseto": [41.0403231, 16.8474905], "Ceglie del Campo": [41.0643818, 16.8659317], "Bari": [41.1257843, 16.8620293]}