{"Via Arrigo Boito": [44.9013687, 8.6000906], "Via Giuseppe Garibaldi": [44.4108875, 8.9339128], "Via Cipro": [40.6198121, 17.946808], "Via Trenz": [46.1250402, 12.2518299], "null": [44.933143, 7.540121], "Belluno": [46.2805407, 12.078913722504204]}