{"Via G. Rummo": [41.11868415, 14.777079064620109], "Via San Pasquale": [41.2720148, 14.1835877], "Viale dei Rettori": [41.1323917, 14.7810867], "Via Traiano": [42.4164303, 14.1831125], "null": [44.933143, 7.540121], "Viale Martiri d'Ungheria": [41.125584, 14.7892147], "Vico Arechi": [41.1294329, 14.7801904], "Via San Gaetano": [38.1476351, 15.2188614], "Via Luigi Intorcia": [41.1169693, 14.794529], "Via Luigi Pirandello": [45.6248819, 13.7853846], "Via Carlo Torre": [45.4451237, 9.1631965], "Via 3 Settembre": [45.9665092, 12.1447495], "Via Roberto Ruffilli": [41.1172161, 14.7963524], "Via Tiengo": [41.1336519, 14.7798237], "Corso Giuseppe Garibaldi": [45.4776829, 9.184503], "Via Giovanni De Vita": [41.0573889, 14.6504237], "Via Giuseppe Pasquali": [41.1324454, 14.7748935], "Viale Antonio Mellusi": [41.1236922, 14.7962603], "Via Girolamo Vitelli": [41.9002798, 12.4358693], "Via Acquafredda": [41.1536505, 14.785193], "Via Madonna della Piet\u00e0": [42.9513332, 13.8632178], "Via Isabella Morra": [41.0048136, 15.6183493], "Via Pacevecchia": [41.120187, 14.79327], "Via Episcopio": [41.1306965, 14.7739716], "Contrada Piano Cappelle": [41.1012795, 14.8268247], "Via Mario la Vipera": [41.1304215, 14.7820865], "Via Enrico Fermi": [40.6390562, 17.9781851], "Via 1 San Gaetano": [38.1462426, 15.2102746], "Via delle Poste": [41.1286338, 14.7772925], "Via Ennio Goduti": [41.1327283, 14.7756055], "Ponte Delle Tavole": [42.0052453, 12.6725433], "Piazza Risorgimento s.n.c": [44.9489187, 9.0384961], "Via Follerau": [45.0356937, 11.858277], "Via Avellino": [41.0049925, 14.7794318], "Via dei Mulini": [46.1751602, 9.8307766], "Via Emanuele Caggiano": [41.1305463, 14.7831981], "Viale degli Atlantici": [41.1250163, 14.788544], "Viale Aldo Moro": [40.6300447, 17.9390784], "Via Annunziata": [38.0496862, 14.9657185], "Via Fontanelle": [45.7724043, 11.7287242], "Via Torretta": [45.1957716, 9.1676487], "Via San Vito": [40.4178497, 17.2168885], "Via Ponticelli": [41.1339389, 14.7883544], "Benevento": [41.2476307, 14.705705363146528]}