{"Colognola": [45.6732393, 9.6621552], "Centro": [47.5490251, 1.7324062], "Stazione": [43.5014117, 13.1494072], "Corridoni": [43.403699, 13.5597481], "Longuelo": [45.6965945, 9.6328663], "Canovine": [43.320116, 12.7853698], "Malpensata": [45.6867738, 9.6722181], "San Paolo": [45.370576, 10.026767], "Redona": [45.7112891, 9.6924891], "Celadina": [45.6930454, 9.7074832], "Borgo Palazzo": [45.6980827, 9.6803575], "Colli": [42.3381636, 14.0597705], "Valtesse": [45.7152378, 9.6685547], "Loreto": [-5.0, -75.0], "Monterosso": [44.1465216, 9.6555583], "Bergamo": [45.756655699999996, 9.754219200862249]}