{"Via Pietro Pajetta": [45.4432995, 11.8912908], "Via Perotti": [44.5110042, 7.7216085], "Via Antonio Rosmini Serbati": [44.0374924, 12.597878], "Corso Risorgimento": [45.4772137, 8.6122322], "Via Alfonso Lamarmora": [45.8774848, 12.2982374], "Via Guido Mentegazzi": [45.5624594, 8.0437844], "Strada Buffarola": [45.5803134, 8.0411813], "Via Lorenzo Cucco": [45.5714489, 8.0686421], "Via Zara": [40.6402919, 17.9416529], "Via Sant'Eusebio": [45.5698195, 9.2093876], "Piazza Fiume": [45.92902535, 13.604276393741344], "Via Orfanotrofio": [37.4999816, 15.0720417], "Via Asmara": [43.461642, 11.8840117], "Via C. Cavour": [42.0012767, 13.43087], "Via Trento": [45.5516583, 9.0902147], "via Tripoli": [44.9119551, 8.619368], "Via Torino": [45.0905768, 7.7433889], "Strada al Lanificio": [45.5504396, 8.0648328], "null": [44.933143, 7.540121], "Strada Barazzetto Vandorno": [45.5618559, 8.033084], "Via Nazario Sauro": [40.830841, 14.2505324], "Via Palazzo di Giustizia": [45.5668201, 8.0564773], "Strada San Quirico": [42.4038956, 12.106544], "Via della Repubblica": [44.3118798, 7.4745014], "Via Vignetto": [45.5603124, 8.0598483], "Via Santuario di Oropa": [45.6251395, 7.9837925], "Costa del Vernato": [45.5607634, 8.0471347], "Via Belletti Bona": [45.5692894, 8.0498476], "Via Cottolengo": [45.0792566, 7.680253], "Via Antonio Bertola": [41.8781427, 12.5377698], "Via Sant'Eusebio ": [45.5698195, 9.2093876], "Via Tripoli": [44.9119551, 8.619368], "Via Ogliaro": [45.0419907, 7.6416418], "Via Ivrea": [45.4868904, 7.8628221], "Viale Roma": [41.6919817, 12.7670971], "Via Vincenzo Gioberti": [43.713963, 10.4132883], "Via Pettinengo": [45.0952107, 7.6577781], "San filippo": [42.7544012, 12.6755161], "giacomo matteotti": [40.7542078, 14.450383594184101], "Via Sergio Falletti": [45.5549032, 8.0569401], "via n. sauro": [41.3141298, 16.272207], "Salita di Riva": [45.5729524, 8.0520713], "Via Rinaldo Rigola": [41.898136, 12.5656289], "Strada Cantone Ramella Gal": [45.5817965, 8.0321127], "Via Milano": [45.5155304, 9.2646361], "Via Pietro Micca": [42.7552412, 11.1122101], "Via Roma": [41.2891339, 13.2518798], "Via Ugo Macchieraldo": [45.5549032, 8.0569401], "Via Valle D' Aosta": [44.9991435, 9.002221], "Via Felice Piacenza": [45.5512474, 8.0443032], "Via Galileo Galilei": [43.3735255, 13.6373377], "Strada del Barazzetto Vandorno": [45.5719871, 8.0339842], "Strada del Masarone": [45.5509309, 8.0678903], "Viale Cesare Battisti": [45.1879794, 9.1475467], "Via  Petiva": [45.4223566, 8.0783034], "Via Fratelli Bandiera": [43.62880385, 13.397934030531243], "Via della Vittoria": [36.9523969, 14.5317416], "Via Giovanni Boglietti": [45.5656385, 8.0493751], "Via Carso": [40.6346006, 17.9282396], "Piazza Adua": [43.77779855, 11.249295742324053], "Viale Macall\u00e8": [44.1103707, 12.5057754], "Via Giovanni Amendola": [44.9065849, 8.6206875], "Via Quintino Sella": [45.6476239, 8.1379262], "Via Salussola": [41.9179272, 12.3749075], "Via Dante": [45.4655988, 9.185638], "Via Addis Abeba": [41.1204809, 16.8825007], "Via Guglielmo Oberdan": [44.3837831, 9.037922174095868], "Corso Alcide De Gasperi": [45.0592156, 7.6633729], "Piazza 1 Maggio": [39.178624400000004, 8.522897771409074], "Via Emma e Antonio Cerino Zegna": [45.5677247, 8.0491139], "Biella": [45.5669538, 8.086912008297636]}