{"Centro Storico": [44.6459321, 10.925613], "San Felice": [42.8437288, 12.5685647], "Saffi": [44.5020399, 11.3271618], "Corticella": [44.6339682, 10.7523961], "Bolognina": [44.5114773, 11.3471078], "Noce - Pescarola": [44.5333348, 11.3154647], "Aeroporto": [38.768620850000005, -9.128247856220423], "San Vitale": [45.809506, 9.0878332], "Colli San Mamolo": [44.4757425, 11.3361122], "San Donato": [42.8971854, 12.745853], "Barca": [41.4551144, -2.6215182], "Santo Stefano": [42.8531414, 12.5926025], "Murri": [44.4832807, 11.3583428], "Colli Castiglione": [45.9543281, 9.0739006], "Santa Viola": [44.507162, 11.3043104], "Marconi": [41.8495383, 12.47570657588328], "Colli Murri": [44.4850999, 11.3483953], "Irnerio": [44.4974487, 11.3484191], "Mazzini - Fossolo": [44.48181525, 11.376290711086373], "Massarenti": [44.4935455, 11.3854846], "San Vitale - Roveri": [44.50191555, 11.405745201217675], "Borgo Panigale": [44.5194898, 11.2761784], "Savena": [-6.6592465, 145.970583], "San Ruffillo": [44.4568565, 11.3692649], "Costa": [42.5749251, 9.0025896], "Pilastro": [45.2659443, 11.3000736], "Via Broccaindosso": [44.492301, 11.3549433], "Fiera": [38.14132725, 15.65622398122182], "Casteldebole": [44.5036999, 11.278858], "LIPPARINI": [44.5407099, 11.3561391], "Bologna": [44.4938203, 11.3426327]}