{"Gries - San Quirino": [46.5031904, 11.3343419], "Oltrisarco - Aslago": [46.4674822, 11.327754148640294], "Europa - Novacella": [46.4917727, 11.336485], "Centro": [47.5490251, 1.7324062], "Don Bosco - Firmiano": [46.4803194, 11.305228145157965], "Rencio": [46.498778, 11.3751024], "null": [44.933143, 7.540121], "via Capri": [26.844678, -80.156557], "Piani": [43.8792748, 7.98168], "Viale Druso": [46.4939243, 11.3117653], "Bolzano": [46.655945450000004, 11.23021287087526]}