{"Panoramica": [43.7934649, 12.861926], "Brescia Due": [45.55995345, 10.219976024297583], "San Polo Vecchio": [45.4352643, 12.3279075], "Magenta - Arnaldo": [45.535270499999996, 10.228071217160892], "Loggia - Garibaldi": [38.1136288, 13.3668711], "Solferino - Diaz": [45.6244274, 9.3851965], "Via Tosio": [45.5365371, 10.22594], "Mompiano - Costalunga": [45.551835, 10.2520611], "Crocifissa di Rosa": [45.5469175, 10.2287153], "Carmine": [30.1493838, -96.6860862], "Don Bosco": [43.7194008, 10.4142611], "Via Veneto - Borgo Trento": [45.4480025, 10.9849054], "Fiumicello": [45.792009, 13.4116585], "Sant'Eufemia - Caionvico": [45.5192747, 10.2817875], "Oberdan": [44.4983739, 11.3463157], "Ospedale Civile": [40.58016655, 8.319636631249999], "Porta Venezia": [45.474282099999996, 9.205226499999997], "Primo Maggio": [44.5542677, 11.3536766], "Violino": [44.5749342, 7.3831096], "Castello - Via Musei": [39.22253725, 9.116841191654078], "Sant'Anna": [44.5414071, 11.3723557], "Volturno": [41.3258468, 14.2295618], "Chiesanuova": [45.4178859, 7.6557948], "Brescia": [45.77958045, 10.4258729694612]}