{"Centro Storico": [44.6459321, 10.925613], "Santa Chiara - Sant'Angelo": [43.6652773, 12.410655972722342], "Casale - Materdomini": [40.6545979, 17.955624], "Bozzano": [40.623497, 17.9427016], "Commenda": [44.4157501, 8.922058872882257], "Cappuccini": [43.5195384, 11.5573824], "centro viale regina margherita": [40.6417274, 17.9458753], "Montenegro": [42.9868853, 19.5180992], "Via Favia, 2/E": [37.9668481, 13.4561223], "Perrino - San Pietro": [40.6323101, 17.9510169], "Zona Industriale - San Paolo": [40.6146668, 17.958416], "Brindisi": [40.63591975, 17.688443357842537]}