{"Is Mirrionis": [39.2366847, 9.1074123], "Stampace": [39.2179449, 9.1113643], "San Benedetto": [46.7876512, 11.6911136], "Genneruxi": [39.2246094, 9.1353011], "Sonnino": [41.4142717, 13.2415295], "Bonaria": [39.2077065, 9.1293966], "Piazza Italia": [38.108826449999995, 15.644132466375005], "Marina": [43.5139149, 16.1092196], "Amsicora": [39.2069005, 9.1400123], "Quartiere del Sole": [39.1990389, 9.1508201], "Ospedale": [45.5552527, 10.2329689], "La Vega - Regioni": [-52.2899371, -70.5316384], "Monreale": [38.0826321, 13.2919931], "Villanova": [42.547381, 0.462172], "Barracca Manna": [39.2548183, 9.1162024], "San Michele": [43.8797713, 7.5346432], "Parco di Terramaini": [39.246466749999996, 9.140036915315072], "Piazza della Repubblica": [41.9026992, 12.4964179], "Castello": [44.9515624, 9.2536443], "Monte Claro": [-8.7819394, 14.5375728], "Tuvixeddu": [39.22928915, 9.102932601912183], "Santa Gilla - Sant'Avendrace": [39.2288335, 9.0985163], "Poetto - Saline": [39.195512449999995, 9.156073196675422], "Piazza Giovanni XXIII": [45.1374696, 10.025707484433317], "Monte Urpinu": [39.2164501, 9.1298615], "Mulinu Becciu": [39.2545967, 9.0997455], "Cagliari": [39.2171994, 9.113311]}