{"Via Don Giovanni Minzoni": [45.1965789, 9.115387], "Via Messina": [38.2626693, 15.5834268], "Via Giammaria": [37.1025604, 13.93843], "Via Guglielmo Borremans": [37.5048088, 14.0582541], "Via Don Minzoni": [42.3662615, 13.3874789], "Viale della Regione": [37.7836184, 14.8365852], "Via De Gasperi": [45.3101258, 11.7289352], "via Filippo Paladini , 151": [38.1367791, 13.3083762], "Via Carlo Pisacane": [40.627987, 17.9294551], "Viale Della Regione": [37.7836184, 14.8365852], "Antenna": [22.7633102, 5.534723389934278], "Via Leone XIII": [39.4139207, 16.8263923], "Via Traversa Elena": [37.4907031, 14.0591861], "Piazza Trento": [45.9170671, 10.892438319893015], "Via Redentore": [37.5129407, 15.0874726], "Via Ruggero Settimo": [37.5188968, 15.0921002], "Corso Sicilia": [37.7857145, 14.6053214], "Via 20 Settembre": [41.9293823, 15.886417], "Via Piave": [45.3294453, 10.8341879], "Via Edmondo De Amicis": [44.407555, 8.9452269], "Via Fra' Giarratana": [37.4853506, 14.0527032], "Caltanissetta": [37.4899412, 14.0631618]}