{"Via Duca degli Abruzzi": [45.3258025, 10.832822], "Via Scarano": [40.6400547, 17.9413357], "Via Vittorio Alfieri": [44.911173, 8.615585], "Parco dei Pini": [41.56457475, 14.667221811184767], "centro": [47.5490251, 1.7324062], "Parco dei pini": [41.56457475, 14.667221811184767], "Parco Dei Pini": [41.56457475, 14.667221811184767], "Piazza San Francesco d'Assisi": [37.50276665, 15.08460776965812], "Viale Manzoni": [41.8932093, 12.5097857], "P.zza dell'Olmo": [41.5611208, 14.657717599108015], "Via Scardocchia": [41.5520842, 14.6658383], "null": [44.933143, 7.540121], "Via Giacomo Leopardi": [40.7696938, 14.4148449], "Via Duca D'Aosta": [45.8574504, 11.3456258], "Via Principe di Piemonte": [45.1422576, 7.5336842], "Via Garibaldi": [41.7467101, 12.6483912], "Corso Bucci": [41.5595755, 14.660376], "Corso Francesco Bucci": [41.5595755, 14.660376], "Contrada Colle delle Api": [41.5769889, 14.6639654], "Via Ciccaglione": [37.5153636, 15.0818937], "Via Toscana": [43.9219148, 10.9379274], "Via Roma": [41.2891339, 13.2518798], "Piazza Molise": [42.5055506, 11.207309296516367], "Viale P. di Piemonte": [45.0007446, 8.0501201], "Via Marconi": [44.4965806, 11.3373876], "Viale 24 Maggio": [40.1472274, 18.0666903], "Via Petrella": [45.0883425, 7.7006209], "Via Puglia": [40.62942, 17.9341516], "Zona XXIV Maggio": [45.4522327, 9.1795434], "Via Sant'Antonio Abate": [40.737996, 14.5333441], "Viale Alessandro Manzoni": [45.4425503, 10.9698219], "Via Albino": [45.4628239, 9.1270167], "Via Umberto I": [43.9185915, 7.9693322], "Contrada Tappino": [41.5472525, 14.625371], "Via Vittorino Cannavina": [41.8787958, 12.3572631], "Via San Giovanni": [43.464541, 11.0424495], "Via De Pretis": [37.5090754, 15.0951762], "Via Pianese": [41.8646912, 12.4444413], "Via Giuseppe Di Vittorio": [45.6219983, 13.8080649], "Via Monsignor Bologna": [41.55406, 14.6607757], "Via Lombardia": [45.4635632, 10.1753327], "Via Insorti d'Ungheria": [41.5626674, 14.6652712], "Via Matteotti": [45.747357, 11.527482], "traversa di via Mazzini": [38.0498466, 16.1325242], "Via Giuseppe Pianese": [41.8646912, 12.4444413], "Via Conte Verde": [44.913111, 8.200833], "Via Nicola Scarano": [41.8670083, 12.6219144], "Via Giambattista Vico": [44.0427665, 12.6024337], "Via Guglielmo Marconi": [46.11625645, 8.29359133558092], "Campobasso": [41.717264799999995, 14.826226697820019]}