{"Reggia di Caserta": [41.0731576, 14.327103837673638], "Corso Trieste": [41.9232772, 12.513164], "San Leucio - Briano": [41.0951287, 14.3244308], "Puccianiello": [41.0935672, 14.33446], "San Clemente": [39.4037093, -2.4274052], "Falciano": [43.5896141, 11.9017218], "Via Mondo": [44.4986209, 11.3737959], "Lincoln": [40.8088861, -96.7077751], "Acquaviva": [43.9464246, 12.4191909], "Stadio": [44.0647014, 10.0759295], "Petrarelle": [41.0873615, 14.3576751], "Ospedale": [45.5552527, 10.2329689], "Mezzano": [41.0980797, 14.3452929], "Tredici": [41.0652863, 14.3588329], "Tuoro": [41.0849201, 14.3645318], "Centurano": [41.0743038, 14.3609616], "Ex Saint Gobain": [41.0553734, 14.3430552], "SESSA AURUNCA": [41.2369344, 13.9347304], "Parco degli Aranci": [41.0709262, 14.3555229], "Casertavecchia - Casola": [41.0968218, 14.3671307], "Ercole": [41.0825965, 14.3247119], "Via Ruggiero": [40.8379429, 14.1656697], "Caserta": [41.20351925, 14.116862382970815]}