{"Sant'Antonio - De Filippis": [38.9007376, 16.582271160761927], "Catanzaro Lido": [38.8216667, 16.6163211], "Santa Maria": [-29.6860512, -53.8069214], "Pontegrande - Sant'Elia": [38.936397799999995, 16.580662309098212], "Centro Storico": [44.6459321, 10.925613], "Sala": [37.5666791, 126.9782914], "Stadio - Pontepiccolo": [38.919706399999995, 16.58782015], "Gagliano": [38.9224828, 16.558892], "San Leonardo": [46.12745925, 13.538374337525608], "Catanzaro": [38.82996034999999, 16.43155687627833]}