{"Borgo": [46.0533463, 11.4566004], "Rotolo": [37.5235289, 15.112853], "Picanello": [37.524635, 15.1039695], "Centro Storico": [44.6459321, 10.925613], "Corso Italia - Europa": [41.462293, 12.6295887476], "Province - Veneto": [-30.7203777, -57.926052], "Cibali": [40.2684191, 40.7689705], "Primosole": [37.42853905, 15.063482376081867], "XX Settembre - Tribunale": [44.3063891, 8.4772543], "Palestro": [45.301761, 8.533436], "Rapisardi": [43.83881, 11.2072227], "Barriera - Leucatia": [37.5416467, 15.082589], "Zona Industriale - San Martino": [45.6538425, 8.4882441], "San Giovanni Galermo": [37.551853, 15.050426], "Gioeni": [37.5263944, 15.0808266], "Guardia - Li Cuti": [37.5197273, 15.1021564], "Libert\u00e0 - Stazione": [45.9333455, 13.6070714], "Porto Ulisse - Ognina": [37.53055315, 15.11388791598976], "Carruba di Ognina - Teseo": [37.53607, 15.1230508], "Palermo - Indipendenza": [38.1113193, 13.3506017], "Villaggio Sant'Agata": [37.488907, 15.0616926], "Cannizzaro": [37.5471125, 15.1296827], "Villaggio Paradiso": [-23.0577464, -46.9054195], "Via Teocrito": [37.50847, 15.0918842], "Catania": [37.5023612, 15.0873718]}