{"Via Silvino Olivieri": [42.3536051, 14.1659356], "Via per Popoli": [42.3388005, 14.158462], "Via Padre Alessandro Valignani": [42.3520013, 14.1728345], "null": [44.933143, 7.540121], "Via Colonnetta": [42.3573292, 14.153194], "Via Papa Giovanni Paolo II": [45.256831, 9.0452586], "Via Tiro a Segno": [44.8883799, 7.3149941], "Via Marino da Caramanico": [42.4601138, 14.2195914], "Via Fortunato Bianchini": [42.3475052, 14.1638659], "Via Colle dell'Ara": [42.3628911, 14.1539706], "Via dei Germanesi": [42.3506578, 14.1673895], "Viale dell'Unit\u00e0 d'Italia": [42.3728516, 14.1436911], "Viale Abruzzo Chieti CH Italia": [42.3527309, 14.1375277], "Viale Europa": [42.6996295, 12.0785561], "Via dei Peligni": [42.457875, 14.2184766], "Via Aterno": [42.4606115, 14.2090789], "Via Federico Salomone": [42.3629759, 13.3864649], "Piazza Garibaldi": [40.8523322, 14.269714], "Via Marco Vezio Marcello Chieti CH Italia": [42.3490661, 14.1658598], "Via di Porta Monacisca": [42.3480662, 14.1674302], "Via dei Frentani": [42.3921094, 14.1997481], "Piazza Trento e Trieste": [44.8351787, 11.620234254845201], "Via Ramiro Ortiz": [42.4591377, 14.2264056], "Via Casalbordino": [41.9122044, 12.6133553], "Via Colonnetta  Chieti  CH  Italia ,": [42.3568822, 14.1548674], "Via Fonte Vecchia": [42.3555966, 14.1663604], "Piazzale Guglielmo Marconi": [44.9101698, 8.61351535476387], "Via Luca da Penne": [40.8347756, 14.2258391], "Via Del Tricalle  Chieti  CH  Italia ,": [42.3540227, 14.1690051], "Corso Marrucino": [42.3472732, 14.1651594], "Viale Abruzzo": [42.3407907, 14.1339724], "Via Madonna degli Angeli": [45.3118424, 8.8597514], "Via dei Germanesi  Chieti  CH  Italia ,": [42.3506578, 14.1673895], "Via Vittorio Veneto": [41.9080274, 12.4893814], "Via Luigi Polacchi": [41.9774962, 12.567044], "Via Primo Riccitelli  Chieti  CH  Italia ,": [42.3605178, 14.1970304], "Via Pasquale De Virgiliis": [42.3577513, 14.1404797], "Via Marco Vezio Marcello": [42.3490661, 14.1658598], "Via Sant'Antonio Abate  Chieti  CH  Italia ,": [42.3517485, 14.1712514], "Via Giovanni Antonio Santarelli  Chieti  CH  Italia ,": [42.3488186, 14.1622038], "Via Fratelli Pomilio": [42.3726327, 14.1430456], "Via Pescasseroli": [41.8830343, 12.5441866], "Viale Unit\u00e0 D'Italia": [44.6928203, 8.8829535], "Via Francesco Sciucchi": [42.3461688, 14.1691862], "Via Arenazze": [42.3545262, 14.1643451], "Via San Camillo de Lellis  Chieti  CH  Italia ,": [42.3338076, 14.1836124], "Via Colle dell'Ara, 130": [42.3628911, 14.1539706], "Viale Benedetto Croce": [44.9087544, 8.0973074], "Via Materdomini": [40.6509237, 17.9488689], "Via del Tricalle": [42.3540227, 14.1690051], "Via Amiterno": [41.8827647, 12.5075593], "Via Muzio Pansa": [42.4593276, 14.22552], "Chieti": [42.10271755, 14.415935255784948]}