{"Sant'Abbondio": [46.1099875, 8.7729769], "Ponte Chiasso": [45.8313968, 9.0372273], "Borghi": [44.0315914, 12.3543893], "Nino Bixio": [45.5071529, 9.2014822], "Breccia - Lazzago": [45.793578600000004, 9.059651523029551], "Albate - Muggi\u00f2": [45.7768296, 9.0733206], "Stadio - Borgo Vico": [45.8138295, 9.072324346380626], "Centro Storico": [44.6459321, 10.925613], "Sant'Agostino": [44.792274, 11.388208], "Villa Olmo": [45.81888295, 9.06535998287108], "Como Sole": [45.7965089, 9.0969586], "null": [44.933143, 7.540121], "Sagnino": [45.8308739, 9.0477933], "Camerlata - Rebbio": [45.7906198, 9.0802404], "Tavernola": [44.2389851, 11.14283], "Trecallo": [45.7746123, 9.1037124], "Como": [45.939475900000005, 9.149410145408947]}