{"Centro": [47.5490251, 1.7324062], "Acquedotto": [42.0041798, 12.8822182], "Mancini": [42.4212789, 14.249175], "Piazza I Maggio": [42.3974732, 12.86335021531858], "Centro Storico": [44.6459321, 10.925613], "Cosenza": [39.596685300000004, 16.333055599019605]}