{"Via Dante": [45.4655988, 9.185638], "Centro": [47.5490251, 1.7324062], "Porta Romana": [45.4522392, 9.20205595], "Migliaro": [44.800079, 11.973821], "Po": [52.1458506, 17.397672], "Cristo Re": [46.0779065, 11.1176577], "Giuseppina - Villetta": [45.1336592, 10.0392508], "Porta Mosa": [50.834475999999995, 5.733114425012335], "cremona": [45.22086405, 10.037037979628856], "Sant'Ambrogio": [43.7715277, 11.266771819514783], "null": [44.933143, 7.540121], "San Bernardo - Zaist": [45.1446324, 10.0373111], "Santa Cristina": [45.50880105, 12.453863482106925], "Cremona": [45.22086405, 10.037037979628856]}