{"Via Russia ": [42.7978601, 12.7504244], "Crotone": [39.1873894, 16.87828188895307]}