{"Madonna dell'Olmo": [44.4120545, 7.5512859], "Centro": [47.5490251, 1.7324062], "Centro Storico": [44.6459321, 10.925613], "Roata Rossi - Passatore": [44.433060100000006, 7.505061282331435], "San Paolo - Cuneo 2": [44.370103650000004, 7.533775921670609], "Borgo San Giuseppe - Borgo Gesso": [44.3942607, 7.5559013], "Donatello": [44.3767736, 7.5292589], "Spinetta": [44.4279566, 9.2021658], "Confreria": [44.3944391, 7.5187257], "San Rocco Castagnaretta": [44.3667045, 7.5222478], "San Benigno": [42.7645032, 12.4384054], "Cerialdo": [44.4010319, 7.532998], "Cuneo": [44.45807035, 7.558136691151624]}