{"Via Mercato": [44.9186771, 8.6898525], "Viale Santa Caterina": [45.8921684, 10.846731], "Via Libert\u00e0": [45.79233625, 13.406170136856797], "Enna": [37.5667573, 14.2807473]}