{"Via della Sapienza": [43.3204895, 11.3275943], "Via 25 Aprile": [45.2666751, 10.8069713], "Via Giuseppe Garibaldi": [44.4108875, 8.9339128], "Via Antoniotto Usodimare": [42.0658298, 14.7839834], "Via Fiume": [45.5279874, 8.9761624], "Via Pompeiana": [43.86209, 7.8816223], "Via Walter Tobagi": [44.6165879, 10.9252793], "Via Lorenzo Machiavelli": [43.2077205, 13.785885], "Via Francesco Sforza": [45.4933514, 12.2600133], "Viale Medaglie d'Oro": [44.90407, 8.6136233], "Via Italia": [45.6464534, 9.5523456], "Via Dante Zeppilli": [43.162468, 13.7236957], "Via Andreottino Girardi": [43.2101592, 13.7825086], "Viale Trento": [45.9071334, 11.0401741], "Viale del Lido": [43.2050412, 13.785441], "Viale 20 Giugno": [43.1598928, 13.7070975], "Viale della Carriera": [43.1582535, 13.7225367], "Via Giuseppe Giammarco": [43.1774235, 13.7594091], "Fermo": [43.0922489, 13.638768067263769]}