{"Via Pomposa": [44.0424206, 12.5654331], "Santa Maria in Vado": [44.83036865, 11.627734463121744], "Centro Storico": [44.6459321, 10.925613], "Quartesana": [44.8059079, 11.7396846], "Via Modena": [44.5345202, 10.9554323], "San Paolo": [45.370576, 10.026767], "Ippodromo": [44.1018587, 8.1022053], "Gaibanella": [44.7664432, 11.6532726], "San Bartolomeo": [44.2642421, 7.6630591], "San Benedetto": [46.7876512, 11.6911136], "Malborghetto di Boara": [44.8588201, 11.649239], "Pontegradella": [44.8387692, 11.6628291], "Foro Boario": [41.8888209, 12.48087556313402], "Porotto - Cassana": [44.8445552, 11.5488894], "Stazione": [43.5014117, 13.1494072], "Aguscello": [44.8078413, 11.6605331], "Comacchio": [44.696379, 12.180427], "Aeroporto": [38.768620850000005, -9.128247856220423], "Francolino": [44.902705, 11.6609106], "Santo Spirito": [45.40021995, 12.334069308004041], "Boara": [44.8639087, 11.6848492], "Cona": [45.1800706, 12.0786953], "Pontelagoscuro": [44.8783159, 11.609121], "null": [44.933143, 7.540121], "Arginone": [44.738717, 11.2381301], "San Biagio": [43.5165021, 13.4967046], "Padova - Barco": [44.8750283, 11.6034954], "Canapa": [44.0254971, 11.8156567], "San Martino": [43.7130588, 10.4044808], "Ferrara": [44.766764249999994, 11.827938995640167]}