{"Fortini": [46.2369082, 10.8357435], "Michelangelo - Poggio Imperiale": [41.8564841, 15.3063628], "Cintoia - Le Torri": [43.7795438, 11.1986733], "Castello": [44.9515624, 9.2536443], "Duomo": [43.773101749999995, 11.256574661697908], "Settignano": [43.7829916, 11.3208169], "Soffiano": [43.7647048, 11.2101605], "San Marco - SS Annunziata": [43.8531754, 10.5142602], "Isolotto Talenti": [43.7735942, 11.2169697], "Coverciano": [43.7787422, 11.2959996], "Bolognese": [29.7808224, -98.2711481], "Santa Maria Novella": [43.7746511, 11.249372713404892], "Europa": [51.0, 10.0], "Novoli": [40.378527, 18.04922], "Le Cure": [43.7870158, 11.2693344], "Cinque Vie": [43.970595, 12.4945977], "San Frediano": [43.7697716, 11.2437791], "CENTRO STORICO": [44.6459321, 10.925613], "PORTA AL PRATO": [43.777918400000004, 11.239948198290703], "Fortezza - Stazione": [46.7887912, 11.6100431], "Sant'Ambrogio": [43.7715277, 11.266771819514783], "San Marcellino": [40.9864545, 14.1753318], "Piazza della Repubblica": [41.9026992, 12.4964179], "Santo Spirito": [45.40021995, 12.334069308004041], "Libert\u00e0 - Savonarola": [45.5825839, 9.2863574], "San Niccol\u00f2": [43.7642783, 11.2613636], "Campo di Marte": [48.85614465, 2.297820393322227], "Alberti - Bellariva": [43.769493, 11.2807938], "Due Strade - San Gaggio": [43.75250265, 11.239417796626405], "Santa Croce": [43.566906, 12.0814524], "null": [44.933143, 7.540121], "Gavinana": [43.7624144, 11.2827221], "Mazzini - Oberdan": [43.462542, 13.546787], "Ponte alla Vittoria": [43.8772237, 11.1063454], "Porta Romana": [45.4522392, 9.20205595], "Galluzzo": [43.7361018, 11.2252832], "D'Azeglio": [-34.8899564, -56.146285], "Peretola": [43.7973619, 11.1966117], "Rovezzano": [43.7664606, 11.3128162], "Firenze Nova": [43.7971761, 11.233979], "Argingrosso": [43.785554149999996, 11.197180872742607], "Brozzi": [43.7943465, 11.1677291], "PIAZZA PUCCINI": [43.89710485, 12.893772110484043], "Firenze": [43.7698712, 11.2555757]}