{"Immacolata": [38.0444286, 15.7183665], "Candelaro - Via Lucera": [41.4668012, 15.5309496], "Stazione": [43.5014117, 13.1494072], "San Michele": [43.8797713, 7.5346432], "Cep": [48.9194989, 14.807358], "Incoronata": [43.805438, 15.322074515121667], "Villa Comunale": [40.832699000000005, 14.236796686890349], "Salice Nuovo": [44.6280918, 11.0070995], "Vigili del Fuoco": [42.57365605, 12.644726513238222], "Provincia Nuova - Ospedale": [44.3856984, 7.535748], "Centro Storico": [44.6459321, 10.925613], "Foggia": [41.50281055, 15.452899609627728]}