{"Via San Gerardo": [45.5860867, 9.2814294], "Viale America Latina": [41.6296025, 13.343046], "Via Giuseppe Verdi": [43.7699024, 11.2612846], "via Marittima": [40.0069098, 18.3936847], "Via le Rase": [41.6169082, 13.3213556], "Via Firenze": [43.9569231, 11.3877116], "Via Cosenza": [39.3241015, 16.2420362], "Via Le Rase": [41.6169082, 13.3213556], "Viale Giuseppe Mazzini": [43.775108, 11.2728504], "Via Giovanni Palatucci": [45.0214972, 9.633718176786275], "Via lecce": [40.1724454, 18.1678927], "Via Ecetra": [41.4586098, 12.9031489], "via lecce": [40.1724454, 18.1678927], "Via Brighindi": [41.6293573, 13.3531006], "Via delle Fosse Ardeatine": [44.4815799, 11.3814358], "Viale Napoli": [45.3237582, 9.4893076], "Via guglielmo Marconi": [46.11625645, 8.29359133558092], "Via Madonna della Neve": [44.4834437, 7.9002971], "Via Cisterna": [40.8449883, 15.019176], "Via Marco Tullio Cicerone": [41.6493805, 13.3388826], "Via Maria": [32.824406, -117.277313], "Viale Strasburgo": [38.1620106, 13.3217692], "Via Mola Vecchia": [41.6363237, 13.3430885], "Piazza Caduti di Via Fani": [41.157167650000005, 16.412728272660306], "Via Guglielmo Marconi, 1": [45.4633932, 9.1902304], "Via per Fiuggi, 0": [41.6590198, 13.3443089], "Via Casilina Nord": [41.4652765, 13.7925028], "null": [44.933143, 7.540121], "Via Camillo Benso di Cavour": [40.9614949, 14.232115], "Via Aonio Paleario": [41.6405597, 13.3546487], "via Firenze ": [43.9569231, 11.3877116], "Piazza Risorgimento": [43.730201550000004, 11.767066660061005], "via Alessandro Ciamarra ": [41.6331649, 13.3367159], "Via Ottorino Respighi": [45.4188635, 8.6119191], "Piazzale De Matthaeis": [42.3652355, 13.3549583], "Via Sodine": [41.6445125, 13.3125561], "Via Lucrezio, 1": [45.6634418, 13.7768866], "Frosinone": [41.628546799999995, 13.57584977062367]}