{"Pr\u00e8": [39.8125011, -84.6411162], "Staglieno": [44.4312976, 8.950586], "Quarto": [40.8771936, 14.1401591], "Nervi": [44.3833121, 9.0391295], "Centro Citt\u00e0": [45.4138132, 9.269281549139533], "Castelletto": [44.3451924, 7.4185974], "Manin": [50.2970243, 2.5113867], "Borgoratti": [44.4080722, 8.9884585], "Molo": [-0.2431448, 35.7578429], "Principe": [1.6103558, 7.399257908662334], "Albaro": [44.3972232, 8.9635865], "Vesima - Crevari": [44.4161457, 8.713981], "Pontedecimo": [44.4978085, 8.9035055], "San Martino": [43.7130588, 10.4044808], "Quezzi": [44.4212334, 8.9714694], "Molassana": [44.4535379, 8.9808818], "Maddalena": [44.4103666, 8.9320122], "Sant'Ilario": [45.9086457, 11.0396037], "Carignano": [44.906943, 7.673225], "San Vincenzo": [43.1006951, 10.5387914], "San Teodoro": [37.8459539, 14.7020201], "Marassi": [44.4169913, 8.956335], "Sestri Ponente": [44.4249254, 8.8499031], "Granarolo": [44.4300759, 10.8332645], "Dinegro": [44.4139578, 8.9122285], "Apparizione": [44.619257, 7.6894265], "Foce": [41.6314864, 9.0627564], "Pra'": [-37.84981875, 144.989803644126], "Pegli": [44.4271613, 8.8149219], "Sturla": [44.3991806, 8.9785847], "Quinto": [41.4248588, -0.4976071], "Caricamento": [44.41048855, 8.928543130675468], "San Fruttuoso": [44.4079697, 8.9611438], "Struppa": [44.4509918, 9.0097302], "Rivarolo": [44.437982, 8.8929743], "Oregina": [44.4229882, 8.9252288], "Cornigliano": [44.4161302, 8.871799], "Certosa": [44.4310158, 8.8935341], "Quadrilatero": [44.4035421, 8.941627], "Carmine": [30.1493838, -96.6860862], "Multedo": [44.4267627, 8.8290914], "Voltri": [44.4285842, 8.7542329], "Sampierdarena": [44.4126885, 8.8929306], "Bavari": [48.9467562, 11.4038717], "Bolzaneto": [44.4586793, 8.9014681], "Lagaccio": [44.4207467, 8.9176675], "null": [44.933143, 7.540121], "Righi": [45.9103614, 10.8068605], "Borzoli": [44.4343943, 8.8674748], "San Desiderio": [44.4224152, 9.0128829], "Via Gabriele Rossetti": [41.8825535, 12.4622847], "Genova": [44.40726, 8.9338624]}