{"Aeroporto - Gorarella": [42.7630503, 11.083468877030363], "Braccagni": [42.8736579, 11.0736302], "Marina di Grosseto": [42.71785, 10.9810013], "Barbanella - Verde Maremma": [42.7757709, 11.09917611534028], "Rispescia": [42.7069737, 11.1349793], "La Principina": [42.7379637, 11.06593612372604], "Via dei Mille": [40.6395573, 17.9389805], "Cottolengo": [45.079545350000004, 7.680797929607353], "Centro Storico": [44.6459321, 10.925613], "Regioni": [50.5969878, 30.8960494], "Grosseto": [42.7751102, 11.287804427628437]}