{"Via Felice Cascione": [41.793642, 12.4468269], "Via Angelo Silvio Novaro": [44.1447961, 7.9061974], "Via Ruvin": [43.8684584, 7.9870514], "Piazza Edmondo De Amicis": [42.7368738, 12.737027537231759], "Via Dolcedo": [43.8912835, 7.9757266], "Via Artallo": [43.8806888, 8.0138717], "Via Salvator Allende": [44.8515278, 11.6068008], "via doria": [44.9115338, 8.7504967], "via sant'antonio": [40.7842908, 14.3842469], "null": [44.933143, 7.540121], "Via Trucco": [44.6724901, 8.4674796], "Via Giuseppe Pirinoli": [43.8784678, 8.0170769], "Via Giuseppe Airenti": [43.8791012, 8.0061115], "Via Privata Sant'Antonio": [43.8769425, 8.017816], "Via Bartolomeo Bossi": [41.8742683, 12.4814493], "Via Bruno": [45.8297173, 9.0454904], "Viale Matteotti": [45.9737864, 12.3084042], "Via Cascione": [41.1833374, 16.6005455], "Via Rambaldo": [43.8775909, 8.0180425], "Via Diano Calderina": [43.9143246, 8.0627819], "via Verdi": [45.5782322, 9.5405659], "Via Aurelia": [41.8853416, 12.3996397], "Via Nazionale": [44.0425018, 11.2590973], "Via Littardi": [43.873125, 7.9979128], "C.so Roosevelt": [40.6862783, -73.5955965], "Imperia": [43.95837525, 7.866742714674276]}