{"Piazza San Felice": [43.718283150000005, 10.401461035930819], "Via John Fitzgerald Kennedy": [45.6562532, 9.4980851], "Via Bach, 3": [44.44221195, 8.900547500000002], "Via Johann Sebastian Bach": [44.81818, 11.5853479], "Via Mercatello": [45.1341291, 10.0261299], "null": [44.933143, 7.540121], "Corso Marcelli 29": [41.5856354, 14.2244518], "Via Libero Testa": [41.5986157, 14.2398237], "Corso Marcelli 273": [41.5856354, 14.2244518], "Colle Cioffi": [41.6081929, 14.2168863], "Via Toscana": [43.9219148, 10.9379274], "Via Vittorio Bachelet": [45.892385, 12.2957266], "Cutoni": [41.6149027, 14.1971315], "Vico concezione, S/n": [44.4788398, 8.4902837], "Contrada Castagna": [36.938153, 15.0582325], "Isernia": [41.64950915, 14.208061831039291]}