{"Santa Barbara - San Sisto": [42.36188585, 13.388900898959537], "Villa Comunale": [40.832699000000005, 14.236796686890349], "Torretta - Torrione": [42.357584349999996, 13.407977854787251], "Coppito - Preturo": [42.3681978, 13.3253893], "Pettino - Cansatessa": [42.388984, 13.3490217], "Pile": [42.6420616, 18.105514], "Roio": [42.32937225, 13.358149260791933], "null": [44.933143, 7.540121], "Coppito": [42.3672895, 13.3435951], "Bagno - Monticchio": [42.311137599999995, 13.43128332049147], "Pettino": [42.8628885, 12.8122945], "Bellavista - Pianola": [42.33529875, 13.410954223171833], "Genzano": [42.3516254, 13.3249081], "Sant'Elia - Bazzano": [42.3383724, 13.4437673], "Paganica - Tempera": [42.36193675, 13.462180000312165], "Genzano - Sassa": [42.3638458, 13.3128737], "Via dei Piccolomini": [45.4765293, 9.1244053], "L'Aquila": [42.1368853, 13.610341022538911]}