{"Centro Storico": [44.6459321, 10.925613], "Q4": [-30.339783949999998, -54.31603882349927], "Latina Lido": [41.4163427, 12.8434583], "Lido di Foce Verde": [41.4214669, 12.8506777], "Litoranea": [41.7532204, 16.1387819], "Q5": [-30.3394842, -54.31677295846195], "Borgo San Michele": [41.4409825, 12.9678393], "Montello - Ferriere": [41.5106033, 12.7739804], "Latina Scalo": [41.5299744, 12.94573832446757], "Piccarello": [41.4617784, 12.9231009], "Gionchetto": [41.479692, 12.9065091], "Borgo Piave": [40.4160371, 18.2182009], "Centro": [47.5490251, 1.7324062], "Campovivo": [41.5203365, 12.7822991], "Borgo Grappa": [41.391801, 12.9479024], "Quartiere Europa": [45.8723338, 10.8802345], "Borgo Podgora": [41.5117482, 12.8556029], "Latina": [41.45952605, 13.012591212188894]}