{"San Lazzaro": [44.4715668, 11.4048591], "Cicolella - Via Puglia": [41.687398400000006, 15.375504859798802], "Mazzini": [43.2271782, 13.1823385], "Santa Rosa": [38.4404925, -122.7141049], "Leuca": [-16.4204241, -67.4327709], "Stadio": [44.0647014, 10.0759295], "Centro Storico": [44.6459321, 10.925613], "Stazione": [43.5014117, 13.1494072], "Via Merine": [40.3478392, 18.1847044], "Torre Specchiolla": [40.5061971, 18.115541999999998], "Torre Rinalda": [40.4756403, 18.1733493], "Ariosto": [43.82875935, 11.194670180538147], "Pranzo": [45.9224326, 10.8193944], "Torre Chianca": [40.4629144, 18.2022233], "Mezzagrande": [40.3723108, 18.2371149], "Borgo Pace": [43.6570839, 12.2935875], "San Cataldo": [37.4914458, 13.9935156], "Universit\u00e0 - Via Taranto": [40.5260727, 17.282313333401653], "Caracci": [19.3755868, -99.1808084], "Lecce": [40.152217300000004, 18.2260628338229]}