{"Centro": [47.5490251, 1.7324062], "Caleotto": [45.8531275, 9.4021555], "Castello": [44.9515624, 9.2536443], "Turati - Santo Stefano": [45.4835457, 8.9157694], "Pescarenico": [45.8452652, 9.3984074], "Acquate": [45.860655, 9.4102327], "Chiuso": [45.8233647, 9.4187988], "Germanedo": [45.8537038, 9.4172148], "Belledo": [45.8485536, 9.4133574], "San Giovanni": [43.3253983, 11.7986727], "Lecco": [45.9005485, 9.41202482143963]}