{"Calzabigi": [43.5424237, 10.318187], "Zola - Galilei": [44.5012663, 11.1932417], "Cisternone": [45.6685937, 13.7671438], "Montenero Basso - Montenero Alto": [43.49627405, 10.349088557487546], "Shangai": [31.2312707, 121.4700152], "Stadio": [44.0647014, 10.0759295], "Ospedale - Stazione": [45.509870750000005, 9.186030699233626], "Quartiere Venezia": [43.7810999, 11.2619674], "Fabbricotti": [43.534205150000005, 10.313332241541774], "Via della Leccia": [43.5297359, 10.3460784], "Cavour - San Carlo": [44.6495791, 10.928451379232492], "Sorgenti": [43.5608173, 10.333523820746034], "Porta a Mare - Mazzini": [42.8143861, 10.331221], "Quercianella": [43.4588657, 10.3675122], "Antignano - Banditella": [43.5034285, 10.322891142528167], "Ardenza": [43.5187454, 10.3296392], "Corea": [39.5894087, 2.6466241553712626], "Interporto": [37.44421615, 15.047970404855509], "Livorno": [42.790216599999994, 10.340278678735025]}