{"Corso Vittorio Emanuele II": [45.465306, 9.1950883], "Via Salvo D'Acquisto": [46.0638111, 12.085861], "null": [44.933143, 7.540121], "Via Borgo Adda": [45.3162901, 9.5093847], "via Saragat": [40.6666812, 16.5973036], "Via Legnano": [45.5789778, 8.9176704], "Via Don Giovanni Minzoni": [45.1965789, 9.115387], "Via Bortolo Vanazzi": [45.3059364, 9.4957897], "Via 2 Giugno": [45.3502482, 10.3455501], "Lodi": [45.2613104, 9.491678060021837]}