{"Santa Maria del Giudice": [43.7795666, 10.4571433], "Montuolo": [43.8391219, 10.4458773], "San Pietro a Vico - San Cassiano": [43.8750311, 10.5309432], "Ponte a Moriano": [43.9083609, 10.5342488], "Nave": [45.5877271, 10.2892353], "Sant'Anna": [44.5414071, 11.3723557], "Arancio": [43.9519567, 10.3149532], "Antraccoli": [43.8417636, 10.5557292], "San Filippo": [42.7544012, 12.6755161], "San Vito": [39.443245, 9.540751], "Brancoleria": [43.9292168, 10.5592202], "Pontetetto - Sorbano del Giudice": [43.8204162, 10.500832560556788], "Tempagnano - Picciorana": [43.8558711, 10.550706490402343], "Pieve Santo Stefano": [43.6693568, 12.041589], "San Concordio": [43.8355368, 10.4999819], "Lucca": [44.017763900000006, 10.454430026192636]}