{"Via Crispi": [40.35048, 14.9895674], "Via Vincenzo Pancalducci": [43.2951615, 13.4621444], "Via Giuseppe Garibaldi": [44.4108875, 8.9339128], "Contrada Botonto": [43.3310077, 13.5110861], "Vicolo Ottavio Ferri": [43.3008522, 13.4518351], "Via Beniamino Gigli": [44.4776924, 11.369593], "Via Ireneo Aleandri": [43.2964878, 13.4573448], "Piazza della Vittoria": [44.40307395, 8.944988098987825], "VICOLO COSTA": [44.8433032, 7.6965257], "Via Giuseppe e Bartolomeo Mozzi": [43.3002595, 13.4484027], "Corso Cairoli": [45.0614058, 7.6932377], "Via Dante Alighieri": [45.3460917, 10.3391889], "null": [44.933143, 7.540121], "Piazza della Libert\u00e0": [43.7839277, 11.261259089662339], "Vicolo Antonio Ferrari": [43.3007348, 13.4526479], "Corso Camillo Benso di Cavour": [44.648533, 10.9322858], "Via armando diaz": [45.585056, 9.4882151], "Via Leopoldo Armaroli": [43.3010709, 13.4523235], "Via Roma": [41.2891339, 13.2518798], "Via Tina Maria Lorenzoni": [43.2993496, 13.4253934], "Via Mario Bat\u00e0": [41.8194773, 12.4409288], "Via dell'Acquedotto": [46.1335614, 11.13924], "Via Padre Felice Rosetani": [43.292073, 13.4596072], "Via Cesare Costa": [44.655372, 10.9147333], "Via Maffeo Pantaleoni": [41.9509889, 12.4690797], "Via Santa Maria della Porta": [43.3001811, 13.4563113], "Via dell'Asilo": [45.3054118, 7.747492], "Macerata": [43.15297805, 13.150882217502017]}