{"Centro": [47.5490251, 1.7324062], "Lunetta Frassino": [45.1565133, 10.8201303], "Belfiore": [45.3796233, 11.2089761], "Cittadella - Colle Aperto": [45.7061588, 9.6591189], "Due Pini - Te Brunetti": [45.1496085, 10.7730492], "Valletta Paiolo": [45.1507522, 10.7791189], "Dosso del Corso - Chiesanuova": [45.142174, 10.757081683270675], "Mantova": [45.1692628, 10.670836515673878]}