{"Via Casalnuovo": [40.6626003, 16.610333], "null": [44.933143, 7.540121], "Viale Gioacchino Rossini": [40.3492186, 18.1853524], "Via San Pietro Caveoso": [40.6642384, 16.6107817], "Via Bradano": [40.3670342, 18.1735235], "Via Roma": [41.2891339, 13.2518798], "4 Piazza S. Francesco,Matera, Basilicata": [40.6651713, 16.60919088253937], "Via Luigi Einaudi": [45.6140843, 9.5999909], "Via della Ginestra": [42.7590449, 12.7762145], "Rione San Biagio": [40.66832235, 16.60927955285483], "Via Lanera": [40.6608077, 16.6023477], "Via Antonio Gramsci": [46.1456889, 12.2008669], "Vico Vincenzo Gioberti": [40.5533225, 17.7182006], "Via La Martella": [40.6687642, 16.5741842], "Via Dante": [45.4655988, 9.185638], "Via Dante Alighieri": [45.3460917, 10.3391889], "Via Ascanio Persio": [40.6663176, 16.6051345], "Via della Croce": [45.7116164, 11.8547124], "Via Vincenzo Caropreso": [40.6608718, 16.6075306], "Via Giuseppe Saragat": [44.6399026, 10.8984683], "Via Andrea Serrao": [40.639669, 15.8064488], "Via Cappuccini": [40.6355717, 17.9289014], "Via Tagliamento": [40.6334447, 17.9318285], "Via Ferruccio Parri": [43.349738, 11.3261853], "Via Castello": [38.07296100000001, 14.700368926335994], "Via Gaetano Salvemini": [40.6272651, 17.9379729], "Via Annibale Maria di Francia": [40.6602817, 16.5954433], "Via Eustachio Guida": [40.6488199, 16.6199599], "Via Vincenzo Cappelluti": [40.6639429, 16.5987016], "Via Pasquale Vena": [40.6626801, 16.6084597], "Recinto Montescaglioso": [40.6515825, 16.6176633], "Via del Timo": [40.4656582, 18.1941217], "Via Giovanni Giolitti": [41.8928151, 12.5132546], "Locale Via Nazionale": [45.8037338, 13.0829214], "Viale Umberto Giordano": [40.6673023, 16.5926969], "Via Giuseppe Gattini": [40.6714268, 16.6072269], "Via Umbria": [42.5684774, 12.658506], "Via Don Lorenzo Milani": [45.6333338, 9.5514716], "Piazza del Sedile": [40.6655731, 16.60977796609101], "Via Lucana": [40.6557739, 16.6162633], "Via Lupo Protospata": [40.6357228, 17.9457864], "Via Don Giovanni Minzoni": [45.1965789, 9.115387], "Via San Vito": [40.4178497, 17.2168885], "Vico Piave": [40.6692942, 16.6088665], "Via degli Aragonesi": [40.6712217, 16.5845633], "Via Monviso": [45.3242079, 8.4094242], "Via Nicola Sole": [40.6379345, 15.8099944], "Via Protospata Lupo": [40.6357228, 17.9457864], "Vico Venezia": [40.8548563, 14.2682395], "Via Riccardo Lombardi": [44.8675877, 9.2687383], "Via Monte Rosa": [45.7217043, 8.8234666], "Matera": [40.447641899999994, 16.47357384028852]}