{"Annunziata Bassa": [44.90067895, 10.593983842391312], "San Martino": [43.7130588, 10.4044808], "Tirone": [38.1880627, 15.5493706], "Provinciale": [38.1718013, 15.5423046], "Garibaldi": [-29.2562253, -51.5269167], "La Farina - Stazione": [38.1784884, 15.5533764], "Centro Storico": [44.6459321, 10.925613], "Principe Umberto": [41.8945903, 12.5088562], "Tremestieri - Pistunina": [38.1466432, 15.5291758], "Sant'Agata": [43.2711571, 11.9314608], "Quartiere Lombardo": [38.1790736, 15.5485586], "Acqualadrone - Spart\u00e0": [38.2966142, 15.5552487], "Ganzirri": [38.2572013, 15.6099108], "Santa Lucia - San Filippo": [38.1577309, 15.5198175], "Torre Faro": [38.2660662, 15.6459476], "Gazzi": [38.1656389, 15.5382728], "Villaggio Santo": [38.173111, 15.5286217], "Mili": [37.55359, 22.7168716], "Camaro Inferiore": [38.1871802, 15.5364271], "Galati": [45.4338215, 28.0549395], "Libert\u00e0": [41.1212352, 14.7726169], "Camaro Superiore": [38.1897249, 15.5227852], "Gonzaga": [44.9524875, 10.822623], "Faro Superiore - Sperone": [38.2636161, 15.5833512], "Villaggio Pace": [38.2361816, 15.5736905], "Quartiere Americano": [38.1767099, 15.5494314], "Contesse": [45.0889101, 9.7045615], "Gravitelli": [38.1945515, 15.5404961], "Minissale": [38.1611739, 15.5340639], "Briga - Ponte Schiavo": [38.0772407, 15.4931343], "fondachello": [38.2157988, 15.357218], "Giostra": [38.2124428, 15.547938], "Viale Italia - Montepiselli": [38.1843874, 15.5418983], "Giampilieri": [38.069718, 15.4694665], "Bordonaro - Cumia": [38.1756923, 15.5145619], "Annunziata Alta": [44.7749051, 8.1487124], "Santa Margherita - Santo Stefano": [38.0901194, 15.5003691], "null": [44.933143, 7.540121], "San Licandro": [38.2153243, 15.5585964], "Via del bufalo": [41.9027052, 12.4829367], "Messina": [38.1937571, 15.5542082]}