{"Isola": [44.1860506, 7.0519874], "Portello - Parco Vittoria": [45.486890450000004, 9.149842288599718], "Pagano": [45.4683019, 9.161102], "Giambellino": [45.4499277, 9.1455769], "San Vittore": [44.5239254, 7.6318235], "Pasteur": [48.8429314, 2.3125908], "Carrobbio": [45.4602625, 9.1816951], "Garibaldi - Corso Como": [45.481742600000004, 9.187246796755764], "Quadrilatero della Moda": [45.4693928, 9.1960445], "Navigli - Darsena": [45.45362865, 9.175585150681556], "Vincenzo Monti": [45.606054900000004, 8.850559537190321], "Morgagni": [45.4100757, 11.8830895], "Vigentino - Fatima": [45.421872, 9.2033197], "Bocconi": [44.0086222, 11.7442777], "Buenos Aires": [-34.6075682, -58.4370894], "Ticinese": [45.45059595, 9.181950867801675], "Cascina Merlata - Musocco": [45.5065982, 9.103162], "Scala - Manzoni": [38.1355986, 15.0392977], "Certosa": [44.4310158, 8.8935341], "Monte Rosa - Lotto": [45.479692, 9.1437786], "Indipendenza": [35.95171, 14.41824], "Porta Nuova": [45.4798577, 9.192694240094355], "Palestro": [45.301761, 8.533436], "San Siro": [45.478200349999995, 9.123963993342393], "Tripoli - Soderini": [45.458287, 9.1467217], "Bande Nere": [45.461524, 9.1364657], "Turati": [45.4746191, 9.1947419], "Arena": [38.562779, 16.2099], "Montenero": [44.0918989, 8.0842967], "Monte Stella": [37.4772429, 14.359307], "Baggio": [45.4613839, 9.089843], "Corso San Gottardo": [45.4519332, 9.1801263], "Niguarda": [45.5169738, 9.1924879], "Dergano": [45.5025125, 9.1767835], "Porta Venezia": [45.474282099999996, 9.205226499999997], "Paolo Sarpi": [45.4431475, 12.3320543], "Centrale": [8.607113, 1.0458553669392443], "Cadorna - Castello": [45.4675834, 9.1771853], "Lanza": [45.4718013, 9.1823052], "Moscova": [55.7504461, 37.6174943], "De Angeli": [45.4664527, 9.1495656], "Arco della Pace": [45.47569195, 9.172427802834267], "Quadronno - Crocetta": [45.4562736, 9.1955754], "Piazza Napoli": [40.8260695, 8.4170136], "Citt\u00e0 Studi": [45.4770557, 9.2265746], "Bovisa": [45.5027696, 9.1612638], "Quartiere Adriano": [45.5160356, 9.2444433], "Sempione": [41.9352198, 12.5340616], "Viale Ungheria - Mecenate": [45.4460653, 9.2526694], "San Carlo": [43.0757335, 12.2995719], "Argonne - Corsica": [45.4680832, 9.2319078], "Cadore": [45.457542, 9.2130036], "Duomo": [43.773101749999995, 11.256574661697908], "Farini": [44.7128373, 9.5692864], "Ghisolfa - Mac Mahon": [45.4899287, 9.1644384], "Brera": [45.4722421, 9.1884071], "Gambara": [45.2552458, 10.2934106], "Turro": [45.4975135, 9.2258964], "Famagosta": [35.1245436, 33.9325419], "Washington": [38.8950368, -77.0365427], "Solari": [45.4590225, 9.1648878], "Corvetto": [45.4397271, 9.2246232], "Dezza": [44.7549849, 9.3204043], "Ripamonti": [45.42851865, 9.203143715025023], "Zara": [44.1168594, 15.2353257], "Corso Genova": [44.3195508, 9.3199138], "Frua": [45.1687175, 9.1572365], "City Life": [45.4833311, 9.2022037], "Parco Trotter": [45.494495900000004, 9.224199361079547], "Gallaratese": [45.4980249, 9.1086684], "Barona": [45.4388451, 9.1546701], "Sant'Ambrogio": [43.7715277, 11.266771819514783], "Affori": [45.5151242, 9.1727368], "Porta Romana - Medaglie d'Oro": [45.4522392, 9.20205595], "Cenisio": [45.4874537, 9.172262], "Amendola - Buonarroti": [45.5841736, 9.2912179], "Ascanio Sforza": [45.4430882, 9.176108], "Repubblica": [41.9028729, 12.495825], "Prato Centenaro": [45.509608, 9.2010629], "Cimiano": [45.5011666, 9.2446195], "Missori": [38.7604815, -92.5617875], "Precotto": [45.5126511, 9.2250038], "Casoretto": [45.4885214, 9.2273953], "Lodi - Brenta": [45.4427688, 9.2185197], "Bologna - Sulmona": [45.4443003, 9.2251275], "Chiesa Rossa": [45.4277094, 9.17457], "Maggiolina": [45.4920365, 9.2018846], "Primaticcio": [45.4594303, 9.1292549], "Bicocca": [45.5149166, 9.2111381], "Ortica": [45.4712595, 9.2429669], "via tortona": [45.4544535, 9.1694121], "Piazzale Siena": [45.46507675, 9.13690032993394], "Guastalla": [44.9211516, 10.6539985], "Lorenteggio": [45.4458965, 9.1263786], "Gratosoglio": [45.407321, 9.1712557], "Porta Vittoria": [45.4622607, 9.2095796], "Rovereto": [45.886548, 11.0452369], "Villa San Giovanni": [38.2180591, 15.638486], "Crescenzago": [45.5092191, 9.2474843], "Udine": [46.0634632, 13.2358377], "Cascina Gobba": [45.5111613, 9.2606304], "San Babila": [45.4666474, 9.197568], "Quarto Oggiaro": [45.5150747, 9.1359301], "Quarto Cagnino": [45.4724405, 9.1096273], "Bisceglie": [41.2402745, 16.5010109], "Inganni": [45.4575781, 9.1222244], "Greco - Segnano": [45.5022959, 9.2121145], "Via Col di Lana 1": [44.500217, 11.3217843], "Istria": [45.193434499999995, 13.915053587355306], "QT8": [45.4855105, 9.1369834], "Melchiorre Gioia": [45.4948834, 9.206843], "Ca' Granda": [45.4601184, 9.19533637181449], "Quartiere Feltre": [45.4892131, 9.2461182], "Santa Giulia": [45.4368295, 9.2437113], "Via Pietro da Cemmo": [45.4935698, 9.1572976], "Lambrate": [45.4831483, 9.2419983], "Rogoredo": [45.4315725, 9.2444801], "Rubattino": [45.4775174, 9.2472314], "Via Camillo Hajech": [45.465583, 9.2184131], "Ponte Nuovo": [41.0753425, 14.560400775808027], "Via degli Imbriani": [45.5015505, 9.1662715], "Cascina dei Pomi": [45.5101938, 8.7496441], "Via Valpetrosa": [45.462573, 9.1853247], "Quinto Romano": [45.4756791, 9.0888066], "Roserio": [45.5183651, 9.1184707], "Quartiere Forlanini": [45.4601149, 9.244237], "Vialba": [45.5180245, 9.1322955], "Parco Lambro": [45.496829649999995, 9.250517276204869], "Molise - Cuoco": [41.5583246, 14.6635244], "Borgogna - Largo Augusto": [45.462645, 9.1983378], "Comasina": [45.5269296, 9.1615649], "Bruzzano": [45.5273692, 9.1732916], "Muggiano": [45.4510311, 9.0697581], "Figino": [45.4929863, 9.0739154], "Gorla": [45.5049445, 9.2245393], "Via Roberto Cozzi": [45.5087157, 9.209254], "Ponte Lambro": [45.82658, 9.225441], "Trenno": [45.4906948, 9.1008233], "via Roberto Sarfatti": [45.4480772, 9.1867794], "Bovisasca": [45.5158419, 9.1537779], "Via San Calimero": [45.45645965, 9.192734896089831], "Via Francesco Albani": [45.4781801, 9.1498362], "Via Giuseppe Revere": [45.4707166, 9.1704215], "Via Corrado II il Salico": [45.4412648, 9.1908813], "Via Ercole Ricotti": [45.5009849, 9.1636411], "Milano": [45.4641943, 9.1896346]}