{"Sant'Agnese - Universit\u00e0": [44.6364747, 10.9423561], "Buon Pastore - Parco Amendola": [44.6306663, 10.909428805272686], "Viali": [4.8987478, 13.5196397], "Albareto - Mulini Nuovi": [44.6654796, 10.9460856], "Centro Storico": [44.6459321, 10.925613], "San Damaso": [44.601597749999996, 10.986569424965431], "Musicisti": [44.6451117, 10.9402227], "Villaggio Giardino": [44.6425679, 10.8942871], "Modena Est": [44.64015, 10.9663733], "Portile - Paganine": [44.5877348, 10.9479271], "Crocetta": [44.4614863, 11.6939471], "San Lazzaro": [44.4715668, 11.4048591], "Madonnina - Tre Olmi": [44.6676027, 10.873293144996577], "Cognento": [44.8184551, 10.7467355], "San Faustino": [45.666172, 10.345234], "San Cataldo": [37.4914458, 13.9935156], "Sacca - Stazione": [44.6583503, 10.9184088], "Via Athos Jori Lisiat, 65": [44.6014497, 10.8626399], "Cittanova - Marzaglia": [44.6534176, 10.8412722], "Baggiovara": [44.60738445, 10.870949735643304], "Vaciglio": [44.6125109, 10.9386219], "BACCELLI": [41.8805265, 12.4901534], "null": [44.933143, 7.540121], "Ganaceto - Lesignana": [44.6937427, 10.8920754], "Villaggio Zeta": [44.6331617, 10.893613], "Modena": [44.5384728, 10.935960870530739]}