{"Porto - Municipio": [41.7039626, -8.7410943], "Fuorigrotta": [40.8283522, 14.1964], "Soccavo": [40.8409476, 14.1959078], "Piazza Amedeo - Parco Margherita": [40.8384801, 14.233124], "Vomero": [40.8438464, 14.2254818], "Tribunali": [45.8189769, 8.2553439], "Secondigliano": [40.8894626, 14.2656076], "Camaldoli": [43.7940385, 11.8203834], "San Carlo All'Arena": [40.8738802, 14.2627837], "Colli Aminei - Capodimonte": [40.8639541, 14.2392167], "Posillipo": [40.8102055, 14.2024355], "Santa Lucia": [13.8250489, -60.975036], "Garibaldi - Ferrovia": [41.8040454, 13.223916], "Chiaia": [40.8352689, 14.2282679], "Chiaiano": [40.8907583, 14.2180252], "Centro Direzionale": [45.4847798, 9.1961609], "Piscinola": [40.89148, 14.2390636], "Rione Alto": [40.8611953, 14.220501], "Stella - Materdei": [40.8556565, 14.24524826998415], "Monte Santo": [-10.4382898, -39.3304065], "Centro Storico": [44.6459321, 10.925613], "Scampia": [40.8999881, 14.2410519], "Arenaccia": [40.8616593, 14.2703854], "Arenella": [38.1527822, 13.3750138], "Capodichino": [40.8819446, 14.2705394], "Vasto": [42.12434, 14.705923], "Zona Ospedaliera": [40.8618512, 14.2333167], "Sanit\u00e0": [40.6890197, 14.485635], "Monte di Dio": [40.8355486, 14.2450339], "Bagnoli": [41.0823411, 14.440185], "Mergellina - Piedigrotta": [40.8305918, 14.219000545257234], "Marechiaro": [40.7971696, 14.1921355], "Pianura": [40.8606534, 14.1712559], "Ponti Rossi": [40.2719486, 15.1253079], "Traiano": [40.8450687, 14.1941085], "Quartieri Spagnoli": [40.8414829, 14.246423], "Barra": [-11.0892702, -43.1420453], "Borgo Orefici": [45.8905577, 11.0438456], "Zona Industriale - Marina": [38.210622, 15.326216157955633], "Ponticelli": [44.3229419, 11.6546526], "Pigna - Omodeo": [40.8492945, 14.2190164], "Mercato": [40.848357, 14.2719301], "San Giovanni a Teduccio": [40.8379739, 14.3068627], "Poggioreale": [37.7620964, 13.0343176], "Agnano": [43.7377349, 10.4878483], "Via Manzoni 44, ": [39.3736963, 9.1734499], "null": [44.933143, 7.540121], "Museo": [-33.4257427, -69.9426568], "Napoli": [40.8358846, 14.2487679]}