{"Centro Storico": [44.6459321, 10.925613], "Veveri": [45.4747731, 8.6269059], "San Martino": [43.7130588, 10.4044808], "Vignale": [42.5377641, 9.381635], "Centro - Stazione": [46.0051176, 8.9470968], "San Paolo": [45.370576, 10.026767], "Porta Mortara": [45.4369045, 8.6284068], "Santa Rita": [14.8715856, -89.0411138375882], "Sacro Cuore": [45.7512875, 11.7934478], "Sant'Andrea": [44.7223275, 8.5018626], "Sant'Agabio": [45.4474506, 8.6417272], "Cittadella - Villaggio Dalmazia": [45.4314259, 8.6170523], "Bicocca": [45.5149166, 9.2111381], "Sant'Antonio": [43.7112918, 10.3977464], "Pernate": [45.4585474, 8.6763372], "ZONA CARCERE": [45.4615979, 9.166399487173472], "Torrion Quartara": [45.4180578, 8.6149299], "Lumellogno - Pagliate": [45.4016134, 8.58630540368355], "San Rocco": [45.085972299999995, 11.588572776244106], "Novara": [45.584250049999994, 8.545996970894572]}