{"Via Zelia": [40.3262144, 9.3348073], "Nuoro": [40.263970549999996, 9.12722009781746]}