{"null": [44.933143, 7.540121], "Via Levante": [44.9977907, 8.9820464], "Via sardegna": [40.1189207, 8.8300945], "Via degli Artigiani": [45.1504346, 9.9922983], "Via Santa Chiara": [44.4827863, 11.3554175], "Via Cagliari": [40.1590418, 9.193761564160841], "Viale Armando Diaz": [43.3239894, 11.3244548], "Via De Castro": [37.3135186, 13.5765628], "Oristano": [40.02656765, 8.679641647435716]}