{"Mont\u00e0 - Sant'Ignazio": [45.4233195, 11.8537775], "Altichiero": [45.4477107, 11.8718621], "Guizza": [45.3811568, 11.8699792], "Paltana - Mandria": [45.3835572, 11.8568625], "Sacra Famiglia - Basso Isonzo": [45.3871575, 11.8640054], "Crocifisso - Ponte Quattro Martiri": [45.3853293, 11.8819589], "Pontevigodarzere - Isola di Torre": [45.4469051, 11.9075348], "Madonna Pellegrina": [45.3881568, 11.8805425], "Santa Rita": [14.8715856, -89.0411138375882], "Camin": [46.248853, 11.5867337], "Stazione": [43.5014117, 13.1494072], "Citt\u00e0 Giardino": [45.1975234, 9.1593546], "Scrovegni": [45.41186635, 11.879517648843407], "Savonarola - Ponte Molino": [43.6864379, 10.800145], "Forcellini": [45.3970395, 11.8989158], "Santa Sofia - Altinate": [45.40731545, 11.884789146201149], "Voltabarozzo": [45.3798015, 11.9021444], "Brusegana - Aeroporto": [45.395336, 11.847704479064038], "Santo": [-15.156341050000002, 167.05107047173001], "Arcella - Sant'Antonino": [45.42189945, 11.8861913], "Chiesanuova": [45.4178859, 7.6557948], "San Giuseppe - San Giovanni": [43.3154113, 11.331981191810755], "Torre": [43.4827155, 11.5656532], "Terranegra": [45.3943203, 11.9097069], "Piazzetta Conciapelli": [45.412160400000005, 11.876663287741252], "Santa Croce": [43.566906, 12.0814524], "Riviere": [50.2337277, 2.6856141], "null": [44.933143, 7.540121], "Stanga - Pio X": [45.539471, 11.5832929], "San Carlo - San Gregorio": [45.4341865, 11.8906861], "Sant'Osvaldo - San Paolo": [46.0484839, 13.2248936], "Salboro": [45.3598953, 11.8929052], "San Pietro Viminario": [45.2452436, 11.8186411], "Santissima Trinit\u00e0": [43.649822, 13.1124295], "Mortise": [45.4256915, 11.9126101], "Villatora di Saonara": [45.3860699, 11.9665988], "Specola": [42.6519803, 13.7241656], "Ponte di Brenta": [45.4248269, 11.9442185], "Sacro Cuore": [45.7512875, 11.7934478], "ZONA OSPEDALI": [45.555224, 10.2325417], "Via Pietro Tribuno": [45.3734108, 11.9033567], "Porta Trento": [43.1972754, 13.3764924], "PONTEVIGODARZERE": [45.4439868, 11.8939558], "sarmeola": [45.4205479, 11.8148866], "Tramonte": [45.3534708, 11.7387144], "Zona ospedali": [45.555224, 10.2325417], "Saccolongo": [45.4031054, 11.7475532], "Montegrotto terme": [45.331491, 11.791208], "Tencarola": [45.3920655, 11.8124343], "Abano terme": [45.3603142, 11.7897833], "Mandria": [34.869402, 32.8307201], "Zona Industriale": [42.8273108, 12.6799771], "abano terme": [45.3603142, 11.7897833], "guizza": [45.3811568, 11.8699792], "mandriola": [40.0341906, 8.3973017], "zona ospedali": [45.555224, 10.2325417], "Via Luigi Pellizzo": [45.4074085, 11.9016473], "via scapacchio ovest": [45.4097952, 11.7343701], "Padova": [45.4077172, 11.8734455]}