{"Montepellegrino": [38.1359256, 13.3585777], "Resuttana": [38.1541975, 13.3334689], "Montegrappa": [40.0790895, 18.0937467], "Notarbartolo - Sciuti": [38.1322792, 13.3439051], "Bonagia": [38.0641776, 12.594922], "Roma - Cavour": [38.1226418, 13.360279], "Mondello - Valdesi": [38.1976103, 13.3302992], "Settecannoli": [38.1005598, 13.3830904], "De Gasperi - Croce Rossa": [38.150344, 13.3388755], "Sperone": [40.9523593, 14.6032798], "Borgo Vecchio": [45.4092226, 12.1498464], "Tribunale": [43.2953508, 13.4490208], "Sferracavallo - Barcarello": [38.2005632, 13.2751161], "Partanna": [37.727841, 12.88854], "Castelforte": [41.299016, 13.824015], "Guadagna": [38.0984238, 13.3688168], "Altarello": [37.7099398, 15.1956711], "Cruillas": [24.6528242, -98.49386371902514], "Poggio Ridente": [38.1024537, 13.3051688], "Tommaso Natale": [38.1900989, 13.2870142], "San Lorenzo": [42.3832108, 9.287966], "Belmonte Chiavelli": [38.0839432, 13.3682489], "Fiera": [38.14132725, 15.65622398122182], "Ciaculli": [38.0783021, 13.4011969], "Porto": [41.1494512, -8.6107884], "Noce": [48.381414, 0.6887046867208936], "Capo Gallo": [38.2125167, 13.3189033], "Cassaro": [37.1069373, 14.9476102], "Olio di Lino": [38.0813744, 13.320964], "Arenella": [38.1527822, 13.3750138], "Strasburgo - Belgio": [38.1524398, 13.3308544], "Cardillo": [38.1746029, 13.2995457], "Addaura": [38.188966, 13.3513652], "Zisa": [44.94836075, 34.14202469906747], "Castellammare": [34.0425086, -118.5611935], "Malaspina": [-43.5782756, 170.1452641], "Kalsa": [48.612722, 21.5248431], "Vergine Maria": [38.1657993, 13.3676767], "Acqua dei Corsari": [38.0916111, 13.4306847], "Inserra": [38.1524614, 13.3040729], "Falsomiele": [38.0897459, 13.3571533], "Santicelli": [38.1138238, 13.3267061], "Calatafimi Alta": [43.0993192, 12.3778192], "Villagrazia": [38.0777924, 13.3358624], "Boccadifalco - Baida": [38.1109052, 13.3009091], "Brancaccio": [38.0955776, 13.3836817], "Sant'Erasmo": [45.458956150000006, 12.415527823898469], "Universit\u00e0": [40.8436311, 14.2554719], "Acquasanta": [43.5402013, 13.1776566], "via alcide de gasperi 30": [43.3350482, 13.4310316], "Palermo": [38.1112268, 13.3524434]}