{"San Pancrazio": [43.4064796, 11.6531287], "Parco Ducale - Oltretorrente": [44.806164100000004, 10.319193117846467], "San Lazzaro": [44.4715668, 11.4048591], "San Leonardo": [46.12745925, 13.538374337525608], "Centro Storico": [44.6459321, 10.925613], "Stadio - Cittadella": [44.794775900000005, 10.33837282332987], "Botteghino - Pilastrello": [44.74200005, 10.36668554915607], "Villetta": [45.1295395, 10.0444152], "Corcagnano": [44.7209797, 10.3053104], "Vigatto": [44.7206441, 10.3303243], "San Prospero": [44.789671, 11.0221], "Montanara - Cinghio": [44.7743916, 10.3203808], "via langhirano": [44.7685177, 10.3271144], "null": [44.933143, 7.540121], "Vicofertile": [44.7848482, 10.2582798], "Carignano": [44.906943, 7.673225], "Molinetto - Spezia": [44.7810552, 10.2858038], "Parma": [44.8013678, 10.3280833]}