{"Centro Storico": [44.6459321, 10.925613], "San Lanfranco": [45.1942769, 9.1276761], "Stazione - Ticinello": [45.1889863, 9.1454797], "Campo Coni": [43.850124050000005, 10.497110031192781], "Citt\u00e0 Giardino": [45.1975234, 9.1593546], "Policlinico": [41.9086625, 12.5121218], "null": [44.933143, 7.540121], "Chiozzo - Sora": [45.1984651, 9.107164], "Madonnina": [45.1023482, 8.3083294], "San Pietro": [43.1283032, 12.266856], "Borgo Basso": [46.5025131, 13.3709292], "Pavia": [45.036854649999995, 9.137825082826026]}