{"San Martino in Campo - Santa Maria Rossa": [43.0380303, 12.4034446], "Centro Storico": [44.6459321, 10.925613], "Ponte Valleceppi": [43.109607, 12.4487918], "Montegrillo": [43.1250699, 12.3728096], "Centro": [47.5490251, 1.7324062], "Ferro di Cavallo": [43.1046943, 12.3469934], "Madonna Alta - Prepo": [43.0964977, 12.383756], "Villa Pitignano": [43.14721, 12.4523672], "Elce": [38.2653307, -0.6988391], "San Sisto - Lacugnano": [43.0871628, 12.3367016], "Castel del Piano - Pila": [43.0561658, 12.3177445], "Monteluce - Ponte Rio": [43.1145676, 12.40006755352907], "Pianello": [42.2903485, 9.3598147], "Ramazzano - Colombella": [43.1578288, 12.4804524], "Santa Lucia": [13.8250489, -60.975036], "perugia": [43.1070321, 12.402996209906487], "via xx settembre": [41.9293823, 15.886417], "Collestrada": [43.0853883, 12.4726704], "Montebello": [34.0159398, -118.111975], "null": [44.933143, 7.540121], "Casaglia - Pretola": [43.1147415, 12.4393585], "Ponte San Giovanni - Balanzano": [43.0806851, 12.429858556542921], "Sant'Egidio - Aeroporto": [43.098637, 12.50930077374623], "Ponte Felcino": [43.1335585, 12.4420991], "Fontignano": [43.0254218, 12.1893982], "Cenerente - Canneto": [43.1458076, 12.352358], "Olmo": [42.4956586, 9.4071438], "Montelaguardia": [43.1384429, 12.3979897], "Ponte Pattoli - Cordigliano": [43.1621289, 12.4191547], "Perugia": [43.1070321, 12.402996209906487]}