{"Tirino": [42.2427621, 13.8109329], "Santa Filomena": [-9.1176912, -45.9199551], "Tiburtina": [41.9351349, 12.5997059], "Porta Nuova": [45.4798577, 9.192694240094355], "Viale Bovio - Piazza Duca degli Abruzzi": [42.480672, 14.1932057], "Colli Gesuiti": [42.471257, 14.193150097008662], "Ospedale": [45.5552527, 10.2329689], "via villalago": [41.9359333, 12.6527247], "Pineta": [7.7780664, -8.1639434], "San Silvestro": [42.7606918, 12.680793], "Porto Turistico": [39.0802595, 17.1378215], "Pescara": [42.3102619, 13.95759010584892]}