{"Centro Storico": [44.6459321, 10.925613], "Infrangibile": [45.0520693, 9.6717761], "Via Taverna - Ospedale": [45.0540469, 9.6835268], "Pubblico Passeggio": [45.0467892, 9.7044216], "Piazzale Milano - Stazione": [45.4860731, 9.2161253], "Farnesiana": [42.1860637, 11.8006284], "Politecnico - Scalabrini": [45.0481479, 9.7017191], "Clinica Piacenza": [45.046579949999995, 9.675522459808946], "Zona 2000": [-22.98087285, -43.41528855], "Stadio": [44.0647014, 10.0759295], "San Lazzaro": [44.4715668, 11.4048591], "Roncaglia - Borghetto": [45.0384302, 9.7922161], "Besurica": [45.0343848, 9.6624224], "Verza": [45.5191442, 11.3005359], "Belvedere": [48.193917150000004, 16.38040238207785], "Baia del Re": [45.0389785, 9.703272], "Via Colombo": [41.8616206, 12.4981378], "Sant'Antonio - Veggioletta": [45.054870449999996, 9.64863352398236], "Montale": [43.9352396, 11.0158786], "Piacenza": [44.8476352, 9.666531257696896]}