{"Loc. Uliveto Terme": [43.696506, 10.5107401], "San Marco": [45.43482885, 12.334024740406221], "Marina di Pisa": [43.6724218, 10.2727668], "Sant'Antonio": [43.7112918, 10.3977464], "CEP": [48.9194989, 14.807358], "Loc. Uliveto  Terme": [43.696506, 10.5107401], "Pratale": [43.7225038, 10.4106736], "Santa Maria": [-29.6860512, -53.8069214], "San Martino": [43.7130588, 10.4044808], "Le Piagge": [43.1113968, 12.1857757], "Don Bosco": [43.7194008, 10.4142611], "San Francesco": [44.88771995, 11.06810945], "Landi": [21.02563145, 77.46871061964535], "Calambrone": [43.5947181, 10.2973731], "Sant'Ermete - Putignano": [43.69429495, 10.415945213052765], "Porta a Lucca": [43.7296223, 10.4020696], "Porta a Mare": [43.7089096, 10.3851667], "Lungarno Gabriele D'Annunzio": [43.677262, 10.3040734], "San Giusto - Aeroporto": [43.6989463, 10.4004937], "Tirrenia": [43.6275856, 10.2928241], "Riglione - Oratoio": [43.6946814, 10.4460866], "San Rossore - Barbaricina": [43.7233722, 10.3879192], "Stazione Centrale": [50.0834588, 14.434416118500515], "Cisanello - San Biagio": [43.703123649999995, 10.436590009967315], "Ospedaletto": [46.0435692, 11.5529585], "Via delle Belle Torri": [43.7161202, 10.4039744], "Pisa": [43.7159395, 10.4018624]}