{"Centro Storico": [44.6459321, 10.925613], "Ramini - Bargi": [43.9043824, 10.9060638], "Bottegone": [44.7960782, 11.1181037], "San Felice": [42.8437288, 12.5685647], "Masiano": [43.8948032, 10.9263067], "Piazza della Sala": [43.9327916, 10.91647844478459], "Barile - Spazzavento": [43.9166267, 10.8755985], "Fornaci": [45.6500759, 12.4337702], "Vergine": [55.6831923, 37.5493844], "Stadio": [44.0647014, 10.0759295], "Pistoia Ovest": [43.9359613, 10.9040348], "Santomoro - Valdibure": [43.9664293, 10.9648607], "Sant'Agostino": [44.792274, 11.388208], "Pistoia": [43.9740957, 10.868708114044026]}