{"VIA PRETORIA": [40.6368776, 15.8001333], "Via Giacomo Racioppi": [40.6651677, 14.7989961], "Via Mantova": [45.2284742, 10.4299069], "Via Isca del Pioppo": [40.6334261, 15.7853729], "Via Ancona": [43.5213588, 13.4979745], "Via Sanremo": [37.5203376, 15.0966958], "Via Copenaghen": [41.8230613, 12.4533987], "Vico Ascanio Branca": [36.8877601, 15.0755058], "Via Palmanova": [45.9131566, 13.295365], "Via Augusto Bertazzoni": [44.9842479, 10.8058699], "DISCESA SAN GERARDO": [40.6414322, 15.8057676], "Via Vescovado": [44.9153786, 8.614326], "Via XX Settembre": [41.9293823, 15.886417], "Largo Duomo": [38.01613195, 15.129861269858658], "Via Pretoria": [40.6368776, 15.8001333], "Corso Umberto I": [40.8485309, 14.2629839], "Via Plebiscito": [40.2108605, 18.1029288], "Via Vienna": [40.6426812, 17.9171425], "Via Petrarca , 17": [45.0674462, 7.5199368], "Via Martin Luther King": [43.8988968, 12.927808], "Via 4 Novembre": [40.6455484, 17.9437145], "C.SO XVIII AGOSTO": [40.6380688, 15.8044673], "Via dei Molinari": [40.6527853, 15.7852405], "Via Giacomo Puccini": [44.4220894, 8.8499749], "Via Puccini": [45.6098991, 12.7090567], "Via Nicola Sole": [40.6379345, 15.8099944], "Via Raffaele Acerenza": [40.6413255, 15.8124117], "Via G. Mazzini, 23/E": [42.4709698, 14.2051232], "Via degli Oleandri": [40.6094349, 17.9528147], "Via Carlo Bo": [45.4407122, 9.1633866], "Via Camillo Benso di Cavour": [40.9614949, 14.232115], "Via Nedo Nadi": [41.9300906, 12.4715611], "null": [44.933143, 7.540121], "Via Nicola Vaccaro": [40.6285822, 15.7962236], "Via Ettore Ciccotti": [41.8682682, 12.5270901], "Potenza": [40.5183188, 15.82095999021995]}