{"Sant'Ippolito": [43.6857149, 12.8716888], "Piet\u00e0": [41.9023032, 12.4545797], "La Macine": [43.8685849, 11.1263593], "Villa Fiorita": [45.5204949, 9.3460966], "null": [44.933143, 7.540121], "Centro Storico - Duomo": [46.497493, 11.35396427473799], "Le Badie": [43.3985254, 10.4974153], "Galcianese - Il Pino": [43.879827399999996, 11.081656254978583], "Maliseti": [43.9015024, 11.0738439], "Repubblica": [41.9028729, 12.495825], "Castelnuovo": [46.0528587, 11.4932817], "Cafaggio - Grignano": [43.8570519, 11.0881283], "VIA PRATALLAME": [43.9556818, 11.1103818], "Narnali - Viaccia": [43.8994853, 11.0568418], "Santa Lucia": [13.8250489, -60.975036], "Centro Storico - San Francesco": [44.643326, 10.922329868168346], "VAIANO": [43.9690119, 11.1240715], "San Paolo": [45.370576, 10.026767], "Chiesanuova": [45.4178859, 7.6557948], "Galciana": [43.8875487, 11.0562704], "Mezzana": [46.3173162, 10.8010074], "Prato": [43.935718050000006, 11.09414726770089]}