{"Centro": [47.5490251, 1.7324062], "Nunziata - Pianetti": [36.9330913, 14.689032431733857], "Ibla": [36.9258069, 14.7408184], "Marina di Ragusa Centro": [36.7862296, 14.543685791216216], "Croce - Selvaggio": [36.917252250000004, 14.721391674922383], "Ragusa": [36.9219828, 14.7213455]}