{"Lido di Savio - Lido di Classe": [44.3039539, 12.3449821], "San Biagio": [43.5165021, 13.4967046], "Centro Storico": [44.6459321, 10.925613], "Marina di Ravenna": [44.4851718, 12.2788139], "Punta Marina": [44.0844042, 8.0289997], "Casalborsetti": [44.5519836, 12.2808705], "Lido Adriano - Lido di Dante": [44.4115348, 12.3035331], "Castiglione": [42.4177283, 9.1281254], "San Romualdo": [44.496539, 12.1691544], "Porto Fuori": [44.405071, 12.2501907], "Darsena": [45.45362865, 9.175585150681556], "Borgo Nuovo - Ospedale": [45.068761, 7.5142997], "Poggi": [43.8716466, 7.9825973], "Teodorico": [41.910128, 12.5276548], "Ravenna": [44.364060699999996, 12.059009490863945]}