{"Via Pennina": [42.4030056, 12.8604631], "Via S. Francesco": [43.7186023, 10.4080823], "Via Roma": [41.2891339, 13.2518798], "Via dei Villini": [41.9107381, 12.506407], "Via della Ripresa": [42.4045677, 12.8662683], "Via di Mezzo": [45.7142396, 9.6287216], "Via dei Mirti": [42.4023022, 12.8533638], "Rieti": [42.41473635, 12.885888076510067]}