{"Ospedale": [45.5552527, 10.2329689], "Viserbella": [44.0953582, 12.5256331], "Marebello": [44.0417567, 12.608035], "Miramare - Rivazzurra": [44.0320898, 12.6204862], "Marina Centro": [42.9534088, 13.8809203], "Santa Giustina - San Vito": [44.0686786, 12.4833497], "Centro Storico": [44.6459321, 10.925613], "Bellariva": [43.7680502, 11.2843365], "Tripoli Mare": [41.0867364, 16.9994069], "Lagomaggio": [44.053443, 12.5937473], "Borgo San Giuliano": [43.3017792, 13.4577648], "Viserba": [44.0851402, 12.5348599], "Grotta Rossa": [45.904033, 10.5256361], "Celle": [52.624056, 10.081052], "null": [44.933143, 7.540121], "San Lorenzo in Correggiano": [44.0062155, 12.5822615], "San Paolo - Corpol\u00f2": [44.0096291, 12.4625668], "Torre Pedrera": [44.1069343, 12.5104746], "Villaggio Primo Maggio": [45.5111179, 10.4125343], "Rivabella": [44.469052, 11.2028797], "Via Dario Campana": [44.0587929, 12.5557542], "Rimini": [43.9470982, 12.630768610516004]}