{"Bologna": [44.4938203, 11.3426327], "Casal Bruciato": [41.9097937, 12.5505298], "Vittorio Veneto": [45.9896648, 12.2964361], "Spagna": [39.3260685, -4.8379791], "Fleming": [38.3663888, -83.6790737], "Esquilino": [41.894667600000005, 12.506883371276752], "Sallustiano": [41.9076058, 12.495601146167884], "Vigna Clara - Vigna Stelluti": [41.9472402, 12.466459], "Casetta Mattei - Corviale": [41.8532235, 12.4209569], "Piazza Navona": [41.8989155, 12.473118536497108], "Aurelio - Val Cannuta": [41.8994004, 12.4137359], "Camilluccia - Farnesina": [41.9442607, 12.4504262], "Furio Camillo": [41.8747435, 12.5230203], "Cortina d'Ampezzo": [46.5383332, 12.1373506], "Torrino": [41.81582075, 12.446360472864129], "Parco de' Medici - Muratella": [41.8247745, 12.4086483], "Salario - Porta Pia": [41.9093161, 12.5013212], "Flaminio": [41.9128288, 12.4771394], "Appia Pignatelli": [41.8402552, 12.5514128], "Trevi": [42.8774972, 12.7474547], "Torpignattara": [41.8777928, 12.5423177], "San Saba - Caracalla": [41.88052195, 12.495873743250755], "Borghesiana": [41.859281800000005, 12.688798539842463], "Trastevere": [41.8911586, 12.466845904466918], "Talenti - Monte Sacro": [41.949156599999995, 12.553116600065312], "Tintoretto": [4.6680393, -74.13915097949618], "Parioli": [41.931157150000004, 12.488577278359912], "Balduina": [41.9202104, 12.4420089], "Colli Albani": [41.8693853, 12.5300898], "Casal Selce": [41.8850714, 12.3343803], "Portuense": [41.86161285, 12.463826764377881], "San Lorenzo": [42.3832108, 9.287966], "Mostacciano": [41.7993433, 12.4479826], "San Giovanni": [43.3253983, 11.7986727], "Osteria Nuova": [42.0376161, 12.3087698], "Acilia": [41.7827205, 12.3653115], "Prati": [41.90827125, 12.464420350398388], "Malafede": [41.7755265, 12.3780048], "Villa Bonelli": [41.8479018, 12.4551115], "Casal Palocco": [41.7493514, 12.354083], "Ardeatino - Montagnola": [41.8445282, 12.4839694], "Tor Sapienza - La Rustica": [41.9152003, 12.6095812], "Appio Latino": [41.8679043, 12.51641806160222], "Fonte Ostiense": [41.80906055, 12.471287047428895], "Valle Muricana": [42.0323608, 12.467846], "Magliana": [41.839467400000004, 12.463611190044157], "Barberini": [41.903837, 12.488764], "Casal Bertone": [41.8969781, 12.5322497], "Marconi": [41.8495383, 12.47570657588328], "Centocelle": [41.8747757, 12.5625658], "Monte Mario - Trionfale": [41.9453249, 12.4178117], "Euclide": [41.926569, 12.4813113], "Tor Vergata": [41.8605744, 12.6204579], "San Basilio": [39.537144, 9.198242], "Via Giulia": [41.8944162, 12.469802], "via di Montoro": [41.8961839, 12.46988], "Piana del Sole": [41.8247709, 12.3067035], "Boccea": [41.90207635, 12.417340224306056], "Gemelli - Pineta Sacchetti": [41.9278076, 12.4273722], "Vallerano": [44.6179709, 10.1898895], "Pisana - Bravetta": [41.8858408, 12.4216196], "La Storta": [42.0121468, 12.3729259], "Villa Fiorelli": [41.8840551, 12.5227892], "Nuovo Salario": [41.9554295, 12.5103343], "Piazza del Popolo": [41.910750199999995, 12.47682475832423], "Castro Pretorio": [41.90361755, 12.49998278531799], "Ponte di Nona": [41.9065107, 12.6578429], "Testaccio": [42.7213129, 12.7303053], "Trieste - Copped\u00e8": [41.918364350000004, 12.502187162829436], "Rinnovamento": [43.1063616, 12.3090671], "Citt\u00e0 Giardino": [45.1975234, 9.1593546], "Torrevecchia": [45.2832419, 9.2966505], "Montecitorio": [44.6532039, 11.7734682], "Cinecitt\u00e0": [41.8493002, 12.5743771], "Tor de' Cenci": [41.78511095, 12.429136157881665], "Eur": [41.8337745, 12.4709498], "Alessandrino - Torre Spaccata": [41.8689954, 12.5865637], "Casalotti": [41.9348547, 12.352596480588044], "Mezzocammino": [41.79565115, 12.416555021368321], "Case Rosse": [42.893024, 11.51572], "Grottarossa - Saxa Rubra": [41.9742823, 12.4930507], "Ostia Levante": [41.7290458, 12.291557399661459], "Largo Argentina": [41.8959919, 12.476838153385236], "Porta di Roma": [41.9742711, 12.5362959], "Tomba di Nerone": [41.9654802, 12.4425443], "Medaglie d'Oro": [40.85056, 14.2308094], "Piazzale degli Eroi": [41.76958575, 12.662863399470917], "Monteverde Nuovo": [44.335242, 11.7082464], "Cipro": [34.9823018, 33.1451285], "Trigoria": [41.7648867, 12.4770551], "Settebagni": [42.0061004, 12.5216453], "Pantheon": [41.89861595, 12.476833414483862], "La Giustiniana": [41.9830996, 12.4123146], "Borgo": [46.0533463, 11.4566004], "Finocchio": [41.8655206, 12.6876098], "Fonte Meravigliosa": [41.8241965, 12.5067312], "Tufello": [42.5621714, 1.3071746], "Ostia Ponente": [41.74121245, 12.261572391163291], "Appio Claudio - Statuario": [41.8378202, 12.5537174], "Tor de' Schiavi": [41.894980700000005, 12.553060104877485], "Anagnina": [41.8425652, 12.5860085], "Spinaceto": [41.7876705, 12.446635], "Aventino": [13.0944064, -85.98086], "Ostia Antica": [41.75363735, 12.28573991132103], "Quadraro": [41.8661562, 12.5470813], "Roma 70": [41.8354624, 12.5066621], "Monti": [40.805969, 9.325527], "Axa": [18.2054832, -63.05608188224072], "Cecchignola - Giuliano Dalmata": [41.81771565, 12.507429144129816], "Giardinetti": [41.8641331, 12.6105711], "Castelverde": [45.188771, 9.99557], "Monti Tiburtini": [41.915735, 12.5480024], "Ponte Mammolo": [41.9324907, 12.566145256989767], "Ottavia": [41.9517202, 12.390350508879958], "Torre Gaia": [41.84021305, 12.636781724669406], "Baldo degli Ubaldi": [41.8988863, 12.4330515], "Garbatella": [41.8663389, 12.4830592], "Pietralata": [41.9149254, 12.5550931], "Repubblica": [41.9028729, 12.495825], "Vitinia": [41.79533, 12.4038771], "Olgiata": [42.01463, 12.3637412], "Conca d'Oro - Valli": [41.9386143, 12.5260345], "Bufalotta": [41.94765235, 12.533678], "Policlinico": [41.9086625, 12.5121218], "Dragona": [41.7859713, 12.3285662], "Rocca Cencia": [41.8805962, 12.6975184], "Re di Roma": [41.8816351, 12.5144046], "Valle Santa": [44.1741845, 9.6002601], "Cornelia - Montespaccato": [41.8965134, 12.3880557], "Ghetto - Portico d'Ottavia": [41.892669, 12.4777816], "Infernetto": [41.7451939, 12.3746854], "Casal Monastero": [41.9459624, 12.6010661], "Cesano": [42.0776348, 12.3419109], "Ponte Milvio": [41.93557, 12.466930518887764], "Settecamini": [41.9396308, 12.6254107], "Capannelle - Statuario": [41.82763825, 12.562333115666746], "Valle Aurelia": [41.9029987, 12.4421536], "Pigneto": [41.8885415, 12.5282078], "San Vittorino": [41.902363449999996, 12.730248601470503], "Casal Boccone": [41.96037295, 12.55630148212042], "Campo de' Fiori": [41.8955774, 12.472158637200002], "Torre Angela": [41.8780749, 12.640576489801884], "Battistini - Primavalle": [41.9061381, 12.4151007], "Villa Gordiani": [41.89267045, 12.55318452033082], "Fidene": [41.97909865, 12.508468277736387], "Morena": [26.166667, 77.5], "Vincenzo Tieri , 170": [42.012568, 12.3664121], "San Paolo": [45.370576, 10.026767], "Labaro": [41.9902225, 12.4892449], "Serpentara": [41.9651293, 12.5142788], "Massimina": [41.877682, 12.3537652], "Casal Lumbroso": [41.8674955, 12.3670489], "Castel di Leva": [41.786949, 12.5192696], "Prima Porta": [42.0019746, 12.4859701], "Romanina": [41.8406386, 12.5996071], "Fontana Candida": [41.8346523, 12.7084395], "Tiberina": [41.8904701, 12.477764715973754], "Colli Aniene": [41.9146977, 12.5718187], "Tor Cervara": [41.9205219, 12.591809278655202], "Casal Bernocchi": [41.7879493, 12.3806859], "Via Aliprando Caprioli": [41.9444774, 12.3655882], "Corcolle": [41.9078779, 12.7361671], "Colle Oppio": [43.02522465, 13.177392900000001], "Ostiense": [41.85728265, 12.477881265979732], "Centro Giano": [41.7954303, 12.3777473], "Quarto Miglio": [41.8437104, 12.5473371], "Torricola - Tor Carbone": [41.8322562, 12.5340838], "Torresina": [44.433639, 8.0367451], "Via Capo d'Africa": [41.8888021, 12.4951178], "Navigatori": [41.8608223, 12.4985775], "Ponte Galeria": [41.8183832, 12.3496193], "Fioranello": [41.78541, 12.5677592], "Monte Migliore": [41.7255078, 12.5052483], "Due Ponti": [43.3174089, 11.3572806], "Via Segesta": [37.0672037, 14.2553183], "Viale delle Mura Latine": [41.8749393, 12.5035063], "Villaggio Olimpico": [41.9329657, 12.4741574],