{"Via Gorizia": [45.7978178, 13.5307859], "null": [44.933143, 7.540121], "via lagomolin": [45.0641878, 11.8365022], "Via Pietro Mascagni": [45.575845, 9.1039084], "Via X Luglio": [37.7104057, 12.4947628], "Viale Antonio Oroboni": [45.0647302, 11.7957335], "Viale Regina Margherita": [37.5131477, 15.0840685], "Via Carlo Forlanini": [45.6367033, 13.8304108], "CORSO DEL POPOLO": [45.481366, 12.2395164], "Viale Porta Adige": [45.1033259, 11.7855837], "Via Dante Gallani": [45.0730172, 11.7727671], "Via Umberto I": [43.9185915, 7.9693322], "Viale Verona": [45.3001169, 11.3853106], "Via Antonio Riccoboni": [45.3883782, 11.8979874], "Via Bassa": [45.2725921, 12.0555154], "Via Silvestri": [41.8783523, 12.4342257], "Via Nicola Badaloni": [43.719175, 10.3766297], "Via Vittorio Veneto": [41.9080274, 12.4893814], "Via Nevegal": [46.1005205, 12.2735912], "Via dei Cappuccini": [43.3166966, 11.3136915], "Via Giovanni Pascoli": [40.6488961, 17.9179356], "Via Mure Seminario Vecchio": [45.0684444, 11.7880175], "Via del Sacro Cuore": [42.7550569, 12.7268836], "Via Cime di Lavaredo": [45.0586063, 11.7882869], "Viale Tre Martiri": [45.07439535, 11.811703888639162], "Via Dosso Faiti": [45.4050731, 11.8567273], "Via della Costituzione": [45.7928076, 9.9619806], "Via Alberto Mario": [43.7141077, 10.3980147], "Via Lionello d'Este": [44.8472664, 11.618758], "Via Forni": [45.0958004, 11.7715664], "Via 10 Luglio": [46.08097, 10.3704149487011], "Via 4 Novembre": [40.6455484, 17.9437145], "Via Giuseppe Mazzini": [41.3088239, 14.8793222], "via incao": [45.1105541, 11.841227], "San Bortolo": [45.5624539, 11.5431637], "Viale Amos Bernini": [45.0758272, 11.7957215], "Piazza XX Settembre": [43.8157679, 11.058440286928892], "Piazza Umberto Merlin": [45.069538, 11.7929499], "Corso del Popolo": [45.481366, 12.2395164], "Rovigo": [44.97720615, 12.274190436964231]}