{"Centro Storico - Teatro Verdi": [43.769991, 11.2607806], "Fratte - Matierno": [40.6961445, 14.7781854], "Carmine Alto": [45.6079722, 10.5349573], "Zona Industriale - San Leonardo": [41.83757165, -3.082295028277675], "Irno - Brignano": [40.6858009, 14.7772883], "Centro": [47.5490251, 1.7324062], "Carmine": [30.1493838, -96.6860862], "Ogliara": [40.7047529, 14.8074195], "null": [44.933143, 7.540121], "Casa Manzo - Giovi": [40.6821107, 14.8002802], "Torrione": [44.5578073, 10.31677], "Casa Manzo": [40.6873291, 14.7948345], "Salerno": [40.419441649999996, 15.310756230322482]}