{"Li Punti - Viziliu": [40.7498792, 8.4916197], "Palmadula - Argentiera": [40.745926, 8.2328287], "Centro Storico": [44.6459321, 10.925613], "Porcellana": [44.8397466, 10.0776608], "Monte Rosello": [45.845677, 10.2706431], "Luna e Sole - Prunizzedda": [40.7277101, 8.575463], "Cappuccini": [43.5195384, 11.5573824], "Sant'Orsola": [46.1081377, 11.3027058], "Sassari": [40.7232643, 8.5610074]}