{"C.so Vittorio Veneto": [41.0703497, 15.0597144], "Via Venezia": [45.3542648, 12.0925867], "Via Giovanni Amendola": [44.9065849, 8.6206875], "Via Quarda Inferiore": [44.3083914, 8.4842356], "Corso Tardy e benech": [44.3032391, 8.473461], "Via Agostino Chiodo": [44.3086547, 8.4876614], "Piazza Legino": [44.2949166, 8.4524919], "via guidobono": [44.3235756, 8.4977991], "Via Antonio Brilla": [44.2827114, 8.4454086], "null": [44.933143, 7.540121], "Via Amilcare Ponchielli": [44.9016856, 8.5986617], "Via Antonio Gramsci": [46.1456889, 12.2008669], "Corso Italia": [43.677954, -79.4430828], "Via Pietro Paleocapa": [45.4689624, 9.1765373], "VIA BRIGNONI ": [44.310952, 8.4784602], "Via Torquato Tasso": [40.6469526, 17.9188115], "Via Crocetta": [44.6529631, 10.9414386], "Complesso residenziale centro": [41.4715724, 15.5378149], "Corso Vittorio Veneto": [41.0703497, 15.0597144], "Largo Folconi": [44.3053234, 8.4708479], "Via San Francesco": [43.7182763, 10.4035624], "Piazza Guido Rossa": [45.3131034, 9.25784377272172], "Via Giovanni Vincenzo Verzellino": [44.3073019, 8.4827151], "Via Maestri D'ascia": [44.3094972, 8.4877011], "Vico dei Pico": [44.309719, 8.4833559], "Corso Tardy e Benech": [44.3032391, 8.473461], "VIA CIMAROSA, 3": [44.2955257, 11.8910634], "via vittorio veneto, 1": [41.0683866, 16.8711332], "Via Sant'Antonio": [40.7842908, 14.3842469], "Via San Lorenzo": [45.136988, 7.0125701], "Via Nizza": [45.0207026, 7.6627635], "Piazza Martiri della Libert\u00e0, 2": [46.4030892, 13.0096057], "Savona": [44.2334238, 8.252572737021062]}