{"Provenzano": [43.3209993, 11.33266288590871], "Pieve a Bozzone - Vico d'Arbia": [43.3253592, 11.4133174], "Cavour - Mentana": [42.0579102, 12.6972716], "Vico Alto - San Miniato": [43.346383900000006, 11.331108800480123], "Sant'Andrea a Montecchio - Ginestreto": [43.2735683, 11.3129438], "San Prospero": [44.789671, 11.0221], "Petriccio - Acquacalda": [43.3369324, 11.3011002], "Stazione": [43.5014117, 13.1494072], "Fuori Porta Romana": [42.1568532, 12.1386493], "Scacciapensieri": [43.335575, 11.3334999], "Isola d'Arbia": [43.2584401, 11.3799561], "Cappuccini": [43.5195384, 11.5573824], "Costalpino - Costafabbri": [43.3021214, 11.3109612], "Porta Romana": [45.4522392, 9.20205595], "Siena": [43.1672254, 11.467181161339118]}