{"Grottasanta - Tunisi": [37.0823107, 15.2968133], "Ortigia": [37.0606437, 15.2947166], "Scala Greca - Neapolis": [37.0840334, 15.2743798], "Belvedere - Tremmilia": [37.0814899, 15.2359075], "Borgata - Santa Lucia": [37.0725493, 15.2867797], "Plemmirio": [37.0082455, 15.3256455], "Fontane Bianche": [36.9655145, 15.2127826], "Cassibile": [36.9762673, 15.197661], "Mazzarrona": [37.0958521, 15.2942753], "Bosco Minniti": [37.0935992, 15.2864906], "Epipoli": [37.0889534, 15.2513622], "Pizzuta": [40.2500861, 16.3074109], "Tivoli": [41.960922, 12.798884], "Ognina": [36.9850031, 15.2597843], "Arenella": [38.1527822, 13.3750138], "Fanusa": [37.0228008, 15.2799064], "null": [44.933143, 7.540121], "Isola": [44.1860506, 7.0519874], "Villaggio Miano": [37.0853948, 15.2524511], "Carrozziere - Sacramento": [37.0448103, 15.2656645], "via silvio pellico": [44.9058122, 8.6249585], "Siracusa": [37.0646139, 15.2907196]}