{"Via Grumello": [45.6733643, 9.6432608], "null": [44.933143, 7.540121], "via Fiume": [45.5279874, 8.9761624], "Via Pietro Ferrari Martire": [46.1711169, 9.8706428], "Sondrio": [46.32336235, 10.258413671017703]}