{"Borgo": [46.0533463, 11.4566004], "Italia - Montegranaro": [43.2324893, 13.6315761], "Talsano - San Donato": [40.4128268, 17.2918083], "Paolo VI": [-23.5611338, -46.699225], "Taranto 2 - Salinella": [40.4644477, 17.2605109], "Isola - Citt\u00e0 Vecchia": [45.6474649, 13.7660232], "Via dei Mandarini": [41.8838232, 12.5787849], "Taranto": [40.54881555, 17.08058012454743]}