{"Via dei Tribunali": [40.8504412, 14.2556779], "Via Raffaele Paolucci": [42.4652556, 14.2190566], "SP75": [40.7983958, 14.5406333], "Via Stazio": [40.8283108, 14.2145346], "Via Vincenzo Pigliacelli": [42.6581636, 13.6948202], "Viale Giuseppe Mazzini": [43.775108, 11.2728504], "Viale Giovanni Bovio": [42.4791611, 14.195177], "Via Nazario Sauro": [40.830841, 14.2505324], "Via Giovanni Palatucci": [45.0214972, 9.633718176786275], "Viale Francesco Crucioli": [42.6586827, 13.6933344], "Via Nicola Urbani": [42.6585312, 13.6946153], "null": [44.933143, 7.540121], "Via Aurelio Grue": [42.6700601, 13.7160246], "Via Luigi Einaudi": [45.6140843, 9.5999909], "Via San Marino": [27.2289977, -80.3380422], "VIA PILOTTI": [45.6872788, 8.3094273], "Via Domenico Referza": [42.6690455, 13.6948858], "Via Mario Capuani": [42.6603438, 13.7011141], "Via Armando Diaz": [45.585056, 9.4882151], "Via Luigi Vinciguerra": [42.66206, 13.7013251], "Viale Francesco Crispi": [42.6696605, 13.7297538], "Via Scalepicchio": [42.6699037, 13.6664665], "Teramo": [42.65811795, 13.69787458752063]}