{"Centro Storico": [44.6459321, 10.925613], "Borgo Rivo": [42.5840629, 12.623132], "Cospea - San Giovanni": [42.550045100000006, 12.638033175351065], "Centro": [47.5490251, 1.7324062], "null": [44.933143, 7.540121], "Borgo Bovio": [46.0200783, 11.9038116], "Citt\u00e0 Giardino": [45.1975234, 9.1593546], "Papigno - Miranda": [42.5396326, 12.6861757], "Gabelletta": [42.3519017, 12.9485848], "Brin": [45.5133072, 0.7401207], "Tuillo": [42.5719251, 12.6624848], "Terni": [42.6539486, 12.439652829139407], "Marmore - Piediluco": [42.5223191, 12.7381201], "Marmore": [42.5436723, 12.7195348], "Borgo rivo": [42.5840629, 12.623132]}