{"Via della Rocca": [43.4682211, 11.0418905], "Quadrilatero Romano": [45.0753343, 7.6797349], "Cittadella": [45.6487941, 11.7835801], "Giardini Reali": [45.07246885, 7.689179514712636], "Cenisia": [45.0697067, 7.6498785], "Vanchiglia": [45.0704376, 7.6984692], "Parella": [45.430657, 7.793217], "Crocetta": [44.4614863, 11.6939471], "Mirafiori Sud - Onorato Vigliani": [45.0170735, 7.6516007], "Vanchiglietta": [45.0727824, 7.7165497], "Via Roma": [41.2891339, 13.2518798], "Lingotto": [45.0314038, 7.6668834], "Colle della Maddalena": [44.4218328, 6.8984272], "Barriera di Milano": [45.0923875, 7.6953196], "Santa Rita": [14.8715856, -89.0411138375882], "Mirafiori Sud - Strada del Drosso": [45.0159096, 7.6130763], "San Donato": [42.8971854, 12.745853], "Aurora": [41.7571701, -88.3147539], "San Paolo": [45.370576, 10.026767], "Pozzo Strada": [45.0749418, 7.6291804], "San Salvario - Dante": [45.0469037, 7.6728829], "Regio Parco": [45.0930538, 7.7149486], "Madonna di Campagna": [45.100819, 7.6684496], "Don Bosco": [43.7194008, 10.4142611], "Mirafiori Nord": [45.0403513, 7.628422], "Nizza Millefonti": [45.030171, 7.6678494], "Gran Madre - Crimea": [45.0629281, 7.6992508], "San Salvario - Baretti": [45.0576261, 7.6814361], "San Secondo": [45.45117825, 12.307622420227272], "Campidoglio": [41.8925778, 12.4822154], "Lucento": [45.0978647, 7.646665598745601], "Madonna del Pilone": [44.696568, 7.7490802], "Piazza Solferino": [45.068489650000004, 7.6768194353196], "Cit Turin": [45.0734308, 7.6615327], "Borgo Vittoria": [45.0973, 7.6780633], "Sassi": [48.9848534, -0.1387831], "madonna del pilone": [44.696568, 7.7490802], "Bertolla": [45.0992234, 7.7478559], "Centro Europa": [45.0389167, 7.6206943], "Barca": [41.4551144, -2.6215182], "Citt\u00e0 Giardino": [45.1975234, 9.1593546], "Rebaudengo": [45.1042567, 7.6993038], "Le Vallette": [42.8439132, 10.9344695], "Parco Dora": [45.0893165, 7.6707133], "Italia 61": [45.0208931, 7.6658734], "Cavoretto": [45.0294423, 7.688486], "Superga": [45.0805149, 7.7670995], "Via Lagnasco": [41.9349455, 12.384801], "Barriera di Lanzo": [45.1135389, 7.6574445], "Via Musin\u00e8": [45.0814503, 7.6516017], "Via Giulio Biglieri": [45.0343987, 7.6689355], "corso Regina Margherita": [45.0748924, 7.6896532], "Torino": [45.0677551, 7.6824892]}