{"Via Vespri": [38.1308349, 14.9450769], "Via Archi": [38.0252681, 12.5337508], "Via Erice": [38.0262272, 12.5523542], "Via dei Mille": [40.6395573, 17.9389805], "Via Corollai": [38.0160268, 12.5031988], "null": [44.933143, 7.540121], "Via delle Arti": [40.6159965, 17.9250574], "Via Palma": [40.6382328, 17.944621], "Via Colonnello Romey": [38.0210582, 12.5235307], "Via 30 Gennaio": [44.6339608, 10.9717098], "Via Torre Marino": [41.7760757, 12.6279062], "Corso Italia": [43.677954, -79.4430828], "Via Passo Enea": [38.0195271, 12.5196112], "Via Gustavo Ricevuto": [38.0139961, 12.5665515], "Via Alcamo": [41.8863262, 12.5238318], "Via Bastioni": [40.6802688, 14.7615257], "Via Generale Ameglio, 1 a": [37.1060789, 13.9470336], "Via Ninni Cassar\u00e0": [38.2222466, 15.5571397], "Via Natale Augugliaro, 1": [38.0226184, 12.5222045], "Piazza Sant'agostino": [44.1049864, 9.821409283823886], "Via Virgilio": [45.8414907, 8.8096671], "Via Rocco Solina": [38.0169722, 12.5179296], "Via Solina Rocco": [38.0169722, 12.5179296], "Piazza Sant'Agostino": [44.1049864, 9.821409283823886], "Via Villanova": [42.4335564, 12.0975256], "Via Canonico Vito Pappalardo": [38.0262422, 12.540917], "Corso Piersanti Mattarella": [38.0211839, 12.5387053], "Via Capitano Giuseppe Verri": [38.0188379, 12.5358062], "Via Giovanni Battista Fardella": [38.0200186, 12.5273772], "Via Baracche": [38.0171309, 12.4992636], "Piazza del Villaggio": [37.9218243, 12.519402931227436], "Via Nicol\u00f2 Riccio": [38.0214875, 12.5224082], "Via Api": [45.0639937, 11.2389305], "Corso Vittorio Emanuele, snc ": [42.4651488, 14.2117641], "Via Sant'Eligio": [40.8467141, 14.2648323], "Via Enrico Petrella": [41.9204013, 12.4933415], "Corso Vittorio Emanuele": [40.8364314, 14.2209842], "Trapani": [38.0174321, 12.515992]}