{"Bolghera - Ospedale": [46.056303150000005, 11.132144101709557], "Villazzano": [46.0489148, 11.1461118], "Centro Storico": [44.6459321, 10.925613], "Muralta - Martignano": [46.0773083, 11.1304503], "San Pio X": [45.5460089, 11.570408], "Laste - Cognola": [46.0750379, 11.132211937470107], "trento": [46.1029536, 11.12974249416882], "Mattarello": [46.0079317, 11.1284914], "Povo": [46.0655017, 11.154962], "Gardolo": [46.1074737, 11.1100404], "Stazione - Cristo Re": [46.0722416, 11.1193186], "Piedicastello": [46.0710182, 11.1130134], "San Bartolomeo": [44.2642421, 7.6630591], "Maccani - Campotrentino": [46.0856983, 11.1125709], "Ravina - Romagnano": [46.0255325, 11.09208652012115], "San Vincenzo - Aeroporto": [37.467242600000006, 15.067568274467547], "Solteri": [46.0884531, 11.1210436], "mazzini": [43.2271782, 13.1823385], "Villamontagna - Tavernaro": [46.0827989, 11.1605572], "Sopramonte": [46.0727819, 11.0600067], "null": [44.933143, 7.540121], "Ghiaie": [45.6822569, 9.5796626], "VIA BENA": [45.0734193, 7.6225648], "Meano - Gazzadina": [46.130566, 11.1279372], "Trento": [46.1029536, 11.12974249416882]}