{"Sant'Agnese": [43.8004115, 7.4614984], "Viale Luzzatti": [45.676825, 12.2372891], "Piazza dei Signori": [45.54731045, 11.54655080527029], "Stazione": [43.5014117, 13.1494072], "San Zeno": [45.7449047, 11.7682877], "San Giuseppe - Aeroporto": [37.4794044, 15.0638905], "Stadio Omobono Tenni": [45.66991275, 12.256191720715066], "Santa Maria del Rovere": [45.6825378, 12.2531791], "Sant'Antonino - Ospedale": [41.72766485, 13.004571354504225], "San Nicol\u00f2": [42.7534908, 12.7190756], "Canizzano": [45.6424542, 12.1992111], "Duomo": [43.773101749999995, 11.256574661697908], "via scarpa": [45.5579255, 11.5671009], "Fiera": [38.14132725, 15.65622398122182], "Selvana": [45.6759796, 12.2627741], "null": [44.933143, 7.540121], "Santa Bona Nuova": [45.68642095, 12.218363818815426], "Monigo": [45.6769553, 12.2099157], "Santa Maria del Sile": [-35.0734097, -71.4753484], "San Pelaio": [42.6041633, -1.5643855], "citt\u00e0 giardino": [45.1975234, 9.1593546], "Treviso": [45.806691349999994, 12.206315763116372]}