{"Centro": [47.5490251, 1.7324062], "Belforte": [45.8159963, 8.8462538], "Lissago - Calcinate": [45.8093458, 8.770940868893755], "Giubiano - San Carlo": [45.8214143, 8.8353324], "Masnago": [45.8330192, 8.7969471], "Bobbiate - Schiranna": [45.801405700000004, 8.782090408129644], "Casbeno": [45.8150384, 8.8130044], "Montello": [45.672082, 9.805657], "Valle Olona": [45.7195441, 8.8709449], "Varese": [45.839720299999996, 8.754133838056571]}