{"Mestre": [45.4943063, 12.2418053], "San Polo": [44.9786499, 9.7404575], "Calle del Magazen": [45.4357307, 12.3356284], "Trivignano - Gatta": [45.5380353, 12.1925029], "Lido di Venezia": [45.4175184, 12.3684096], "Malamocco": [45.3719717, 12.338407], "San Marco": [45.43482885, 12.334024740406221], "Carpenedo - Bissuola": [45.4952699, 12.2642914], "Favaro Veneto": [45.5046266, 12.2820457], "San Francesco della Vigna": [45.438223550000004, 12.34787811859605], "Marghera - Catene": [45.4773319, 12.2079528], "Santa Croce": [43.566906, 12.0814524], "Zelarino": [45.5144331, 12.2087313], "Cipressina": [45.5007446, 12.2290149], "Burano": [45.485376599999995, 12.417520773688814], "Rialto": [34.1064001, -117.3703235], "Favorita": [0.3016309, 6.6891953], "Chirignago": [45.4847054, 12.1888093], "Sant'Elena": [-15.96545515, -5.702575637953244], "Asseggiano": [45.497647, 12.1823091], "Campalto": [45.4616389, 12.318636664713624], "Giuseppe verdi": [45.84294505, 10.154610386261169], "null": [44.933143, 7.540121], "Venezia": [45.4371908, 12.3345898]}