{"Via Giuseppe Nicola": [45.9551243, 8.5487313], "Via San Fabiano": [43.4684663, 11.891706], "Via al Roccolo": [45.8310068, 9.0474435], "Via della Resistenza": [39.6540844, 16.3345537], "null": [44.933143, 7.540121], "Via San Bernardino": [45.5867261, 8.9080397], "Via Roma": [41.2891339, 13.2518798], "Verbania": [45.9344082, 8.5580062]}