{"Corso San Martino": [45.0766804, 7.6701968], "via Dionisotti": [45.2827183, 8.0768135], "Via Ugo Foscolo": [40.6467188, 17.9201748], "Via Francesco Guicciardini": [45.0463148, 9.6570911], "Via Luigi Galvani": [44.4294182, 8.8391992], "Via Nigra": [45.2580366, 8.7906917], "corso Prestinari": [45.3236885, 8.4095772], "Via Vicenza": [45.5208357, 11.6901834], "Via Pastrengo": [45.4832904, 10.8048803], "Via Giuseppe Verdi": [43.7699024, 11.2612846], "Via Renato Casalino": [45.3377008, 8.4169268], "Via Pitagora": [40.8468524, 14.172226], "Via Giovenone": [45.3239324, 8.4259766], "Via Bezzecca": [45.5647949, 11.5371117], "Via Monte Bo": [45.327428, 8.4100168], "Corso Libert\u00e0": [46.21267, 11.1230573], "Vercelli": [45.55538265, 8.346283678327271]}