{"Borgo Venezia": [45.4442256, 11.021913], "Borgo Trento": [45.4465139, 10.9878382], "Borgo Roma": [45.41218, 10.9893831], "Ponte Crencano": [45.4591731, 10.9780653], "Borgo Nuovo - Navigatori": [39.1936287, 9.1354379], "Valdonega": [45.4528965, 11.0007128], "Veronetta": [45.4383112, 11.0088128], "Avesa": [45.5988, 2.5985], "San Zeno": [45.7449047, 11.7682877], "Valverde": [37.576954, 15.124188], "Centro Storico": [44.6459321, 10.925613], "Cittadella - Porta Nuova": [45.6611017, 11.8050669], "Porto San Pancrazio": [45.4335056, 11.0186085], "Zona Fiera": [45.63819565, 11.75253987746476], "Pindemonte": [45.4562528, 10.9831296], "Montorio": [42.5852589, -3.7767155], "C\u00e0 di David": [45.3826109, 10.9955815], "San Massimo - Croce Bianca": [45.4475913, 10.9453702], "San Michele Extra": [45.4337552, 11.0434544], "Santa Lucia - Golosine": [45.4221743, 10.951863899034755], "Santa Croce": [43.566906, 12.0814524], "Stadio": [44.0647014, 10.0759295], "Castiglione": [42.4177283, 9.1281254], "Borgo Milano": [45.4440751, 10.9682688], "Quinto": [41.4248588, -0.4976071], "Poiano": [44.3828332, 10.4355995], "PONTE SCALIGERO": [45.4404638, 10.987281463170078], "Torricelle": [44.943524, 9.5194707], "Quinzano": [42.9462254, 13.4645561], "sant eufemia": [45.5221657, 10.2719627], "Parona": [45.2826019, 8.7508446], "Chievo": [45.4575984, 10.9464024], "Via Zenati": [45.4149611, 10.740423], "Verona": [45.4384958, 10.9924122]}