{"Centro Storico": [44.6459321, 10.925613], "San Felice - Teatro": [44.40814505, 8.934900230036234], "San Lazzaro": [44.4715668, 11.4048591], "San Pio X": [45.5460089, 11.570408], "San Bortolo": [45.5624539, 11.5431637], "Anconetta": [46.1247109, 12.2134633], "Santa Bertilla - Mercato Nuovo": [45.5459313, 11.5241722], "Laghetto": [45.5734393, 11.5442211], "Gogna": [45.5396937, 11.5358387], "Monte Berico": [45.5352456, 11.5452906], "Bertesinella - Ca' Balbi": [45.5428407, 11.6008749], "Piscine - San Paolo": [41.8562091, 12.4858906], "Saviabona": [45.5746774, 11.5602752], "San Francesco": [44.88771995, 11.06810945], "Santa Croce Bigolina - Longara": [45.5044319, 11.5702161], "Marosticana - Polegge": [45.591473, 11.5572011], "Maddalene": [44.5119369, 7.6458651], "Ferrovieri - Sant'Agostino": [45.5296734, 11.5196274], "Borgo Berga": [45.5398377, 11.5549825], "null": [44.933143, 7.540121], "Bertesina": [45.5585252, 11.5993179], "via mazzini": [40.6361871, 17.9419646], "Vicenza": [45.63485905, 11.40635425660249]}