{"Santa Lucia - Paradiso": [43.301493, 11.065805], "Bagnaia - La Quercia": [42.4258561, 12.1456971], "Monterazzano": [42.4392898, 12.0300823], "Santa Barbara": [34.4221319, -119.702667], "Grotticella - Mazzetta": [42.4092379, 12.11655299239776], "Viterbo": [42.49368885, 11.945067829807687]}